-- phpMyAdmin SQL Dump
-- version 4.7.4
-- https://www.phpmyadmin.net/
--
-- Host: 127.0.0.1:3306
-- Generation Time: Mar 30, 2018 at 06:17 PM
-- Server version: 5.7.19
-- PHP Version: 5.6.31

SET SQL_MODE = "NO_AUTO_VALUE_ON_ZERO";
SET AUTOCOMMIT = 0;
START TRANSACTION;
SET time_zone = "+00:00";


/*!40101 SET @OLD_CHARACTER_SET_CLIENT=@@CHARACTER_SET_CLIENT */;
/*!40101 SET @OLD_CHARACTER_SET_RESULTS=@@CHARACTER_SET_RESULTS */;
/*!40101 SET @OLD_COLLATION_CONNECTION=@@COLLATION_CONNECTION */;
/*!40101 SET NAMES utf8mb4 */;

--
-- Database: `hms`
--

-- --------------------------------------------------------

--
-- Table structure for table `activity_logs`
--

DROP TABLE IF EXISTS `activity_logs`;
CREATE TABLE IF NOT EXISTS `activity_logs` (
  `logs_id` int(11) NOT NULL AUTO_INCREMENT,
  `account_id` int(11) NOT NULL,
  `time` datetime NOT NULL,
  `type` text NOT NULL,
  `remarks` text NOT NULL,
  `patient_id` int(11) DEFAULT NULL,
  PRIMARY KEY (`logs_id`)
) ENGINE=InnoDB AUTO_INCREMENT=1620 DEFAULT CHARSET=latin1;

--
-- Dumping data for table `activity_logs`
--

INSERT INTO `activity_logs` (`logs_id`, `account_id`, `time`, `type`, `remarks`, `patient_id`) VALUES
(5, 4, '2018-02-23 02:25:44', 'bed', 'Alloted bed number: 1', 42),
(6, 4, '2018-02-23 02:25:44', 'bed', 'Alloted bed number: 2', 48),
(7, 4, '2018-02-23 02:25:44', 'bed', 'Alloted bed number: 3', 45),
(8, 4, '2018-02-23 02:25:44', 'bed', 'Alloted bed number: 4', 46),
(9, 4, '2018-02-23 02:25:44', 'bedDischarge', 'Discharged a patient from bed number : 4', 42),
(10, 4, '2018-02-23 02:25:44', 'bedDischarge', 'Discharged a patient from bed number : 3', NULL),
(11, 4, '2018-02-23 02:25:44', 'bedDischarge', 'Discharged a patient from bed number : 2', NULL),
(12, 4, '2018-02-23 02:25:44', 'bedDischarge', 'Discharged a patient from bed number : 1', NULL),
(13, 4, '2018-02-23 02:25:44', 'bed', 'Alloted bed number: 1', 42),
(14, 4, '2018-02-23 02:25:44', 'bed', 'Alloted bed number: 2', 48),
(15, 4, '2018-02-23 02:25:44', 'bed', 'Alloted bed number: 3', 45),
(16, 4, '2018-02-23 02:25:44', 'bed', 'Alloted bed number: 4', 46),
(17, 4, '2018-02-23 02:25:44', 'appointment', 'Set Appointment with Paul Je on 2018-02-01 01:00:00', NULL),
(18, 4, '2018-02-23 02:46:49', 'log', 'Logged in', NULL),
(19, 4, '2018-02-23 02:46:49', 'log', 'Logged out', NULL),
(20, 3, '2018-02-23 02:46:49', 'log', 'Logged in', NULL),
(21, 3, '2018-02-23 02:46:49', 'initialAssessment', 'assessment for 47', NULL),
(22, 3, '2018-02-23 02:46:49', 'log', 'Logged out', NULL),
(23, 4, '2018-02-23 02:46:49', 'log', 'Logged in', NULL),
(24, 3, '2018-02-23 02:54:58', 'log', 'Logged in', NULL),
(25, 3, '2018-02-23 02:59:21', 'log', 'Logged in', NULL),
(26, 3, '2018-02-23 03:02:44', 'log', 'Logged in', NULL),
(27, 3, '2018-02-23 03:02:44', 'initialAssessment', 'assessment for undefined', 50),
(28, 3, '2018-02-23 03:04:30', 'log', 'Logged in', NULL),
(29, 3, '2018-02-23 03:04:30', 'add', 'Added: cadet - z', NULL),
(30, 3, '2018-02-23 03:04:30', 'log', 'Logged out', NULL),
(31, 4, '2018-02-23 03:04:30', 'log', 'Logged in', NULL),
(32, 4, '2018-02-23 03:04:30', 'cancelPrescription', 'Canceled prescription for: ma mon', NULL),
(33, 4, '2018-02-23 03:04:30', 'cancelPrescription', 'Canceled prescription for: ma mon', NULL),
(34, 4, '2018-02-23 03:21:01', 'log', 'Logged in', NULL),
(35, 4, '2018-02-23 03:21:51', 'log', 'Logged in', NULL),
(36, 4, '2018-02-23 03:23:41', 'log', 'Logged in', NULL),
(37, 3, '2018-02-23 03:28:50', 'log', 'Logged in', NULL),
(38, 4, '2018-02-23 03:23:41', 'log', 'Logged in', NULL),
(39, 4, '2018-02-23 03:38:27', 'log', 'Logged in', NULL),
(40, 4, '2018-02-23 03:38:27', 'bed', 'Alloted bed number: 21', 50),
(41, 4, '2018-02-23 03:40:28', 'log', 'Logged in', NULL),
(42, 4, '2018-02-23 03:50:54', 'log', 'Logged in', NULL),
(43, 4, '2018-02-23 03:52:14', 'log', 'Logged in', NULL),
(44, 4, '2018-02-23 03:53:58', 'log', 'Logged in', NULL),
(45, 4, '2018-02-23 03:54:17', 'log', 'Logged in', NULL),
(46, 4, '2018-02-23 03:54:58', 'log', 'Logged in', NULL),
(47, 4, '2018-02-23 03:56:05', 'log', 'Logged in', NULL),
(48, 4, '2018-02-23 03:57:11', 'log', 'Logged in', NULL),
(49, 4, '2018-02-23 04:13:54', 'log', 'Logged in', NULL),
(50, 4, '2018-02-23 04:16:00', 'log', 'Logged in', NULL),
(51, 4, '2018-02-23 04:26:35', 'log', 'Logged in', NULL),
(52, 4, '2018-02-23 04:38:47', 'log', 'Logged in', NULL),
(53, 4, '2018-02-23 04:38:47', 'bed', 'Alloted bed number: 10', 49),
(54, 4, '2018-02-23 04:38:47', 'bed', 'Alloted bed number: 6', 47),
(55, 4, '2018-02-23 04:38:47', 'bedDischarge', 'Discharged a patient from bed number : 10', NULL),
(56, 4, '2018-02-23 04:38:47', 'bedDischarge', 'Discharged a patient from bed number : 6', NULL),
(57, 4, '2018-02-23 04:38:47', 'bed', 'Alloted bed number: 5', 47),
(58, 4, '2018-02-23 04:38:47', 'bed', 'Alloted bed number: 6', 49),
(59, 4, '2018-02-23 04:38:47', 'bedDischarge', 'Discharged a patient from bed number : 5', NULL),
(60, 4, '2018-02-23 04:38:47', 'bedDischarge', 'Discharged a patient from bed number : 6', NULL),
(61, 4, '2018-02-23 04:42:25', 'log', 'Logged in', NULL),
(62, 4, '2018-02-23 04:42:40', 'log', 'Logged in', NULL),
(63, 4, '2018-02-23 04:42:40', 'bed', 'Alloted bed number: 16', 47),
(64, 4, '2018-02-23 04:42:40', 'bed', 'Alloted bed number: 5', 49),
(65, 4, '2018-02-23 04:42:40', 'bedDischarge', 'Discharged a patient from bed number : 1', NULL),
(66, 4, '2018-02-23 04:42:40', 'bedDischarge', 'Discharged a patient from bed number : 2', NULL),
(67, 4, '2018-02-23 04:42:40', 'bedDischarge', 'Discharged a patient from bed number : 3', NULL),
(68, 4, '2018-02-23 04:42:40', 'bedDischarge', 'Discharged a patient from bed number : 4', NULL),
(69, 4, '2018-02-23 04:42:40', 'bedDischarge', 'Discharged a patient from bed number : 5', NULL),
(70, 4, '2018-02-23 04:42:40', 'bedDischarge', 'Discharged a patient from bed number : 16', NULL),
(71, 4, '2018-02-23 04:42:40', 'bedDischarge', 'Discharged a patient from bed number : 21', NULL),
(72, 4, '2018-02-23 04:42:40', 'bed', 'Alloted bed number: 1', 46),
(73, 4, '2018-02-23 04:44:17', 'log', 'Logged in', NULL),
(74, 4, '2018-02-23 04:44:17', 'bed', 'Alloted bed number: 2', 42),
(75, 4, '2018-02-23 04:44:17', 'bed', 'Alloted bed number: 3', 49),
(76, 4, '2018-02-23 04:44:17', 'bed', 'Alloted bed number: 16', 47),
(77, 4, '2018-02-23 04:44:17', 'bed', 'Alloted bed number: 50', 50),
(78, 4, '2018-02-23 04:44:17', 'bed', 'Alloted bed number: 43', 45),
(79, 4, '2018-02-23 04:44:17', 'bed', 'Alloted bed number: 5', 48),
(80, 4, '2018-02-23 04:44:17', 'bedDischarge', 'Discharged a patient from bed number : 1', NULL),
(81, 4, '2018-02-23 04:44:17', 'bedDischarge', 'Discharged a patient from bed number : 2', NULL),
(82, 4, '2018-02-23 04:44:17', 'bedDischarge', 'Discharged a patient from bed number : 3', NULL),
(83, 4, '2018-02-23 04:44:17', 'bedDischarge', 'Discharged a patient from bed number : 5', NULL),
(84, 4, '2018-02-23 04:44:17', 'bedDischarge', 'Discharged a patient from bed number : 16', NULL),
(85, 4, '2018-02-23 04:44:17', 'bedDischarge', 'Discharged a patient from bed number : 43', NULL),
(86, 4, '2018-02-23 04:44:17', 'bedDischarge', 'Discharged a patient from bed number : 50', NULL),
(87, 4, '2018-02-23 04:44:17', 'bed', 'Alloted bed number: 1', 42),
(88, 4, '2018-02-23 04:44:17', 'bedDischarge', 'Discharged a patient from bed number : 1', NULL),
(89, 4, '2018-02-23 04:44:17', 'bed', 'Alloted bed number: 1', 42),
(90, 4, '2018-02-23 04:44:17', 'bed', 'Alloted bed number: 2', 45),
(91, 4, '2018-02-23 04:44:17', 'bed', 'Alloted bed number: 3', 49),
(92, 4, '2018-02-23 04:44:17', 'bed', 'Alloted bed number: 4', 47),
(93, 4, '2018-02-23 04:44:17', 'bed', 'Alloted bed number: 21', 50),
(94, 4, '2018-02-23 05:07:12', 'log', 'Logged in', NULL),
(95, 4, '2018-02-23 05:07:12', 'bed', 'Alloted bed number: 5 to patient:Paul Je', 46),
(96, 4, '2018-02-23 12:18:01', 'log', 'Logged in', NULL),
(97, 4, '2018-02-23 12:18:01', 'labRequest', 'Lab request for : ma mon', NULL),
(98, 4, '2018-02-23 12:28:19', 'log', 'Logged in', NULL),
(99, 4, '2018-02-23 12:28:19', 'labRequest', 'Lab request for : Ikaw Na Nga', NULL),
(100, 4, '2018-02-23 12:45:50', 'log', 'Logged in', NULL),
(101, 4, '2018-02-23 17:27:14', 'log', 'Logged in', NULL),
(102, 4, '2018-02-23 17:36:14', 'log', 'Logged in', NULL),
(103, 4, '2018-02-23 17:36:44', 'log', 'Logged in', NULL),
(104, 4, '2018-02-23 17:36:44', 'bed', 'Alloted bed number: 6 to patient:Mon Joel Dela Rosa', 48),
(105, 4, '2018-02-23 17:36:44', 'labRequest', 'Lab request for : Paul Je', NULL),
(106, 4, '2018-02-23 17:36:44', 'labRequest', 'Lab request for : rweewasqews', NULL),
(107, 4, '2018-02-23 17:36:44', 'labRequest', 'Lab request for : ma mon', NULL),
(108, 4, '2018-02-23 17:36:44', 'labRequest', 'Lab request for : ma mon', NULL),
(109, 4, '2018-02-23 17:36:44', 'labRequest', 'Lab request for : Mon Joel Dela Rosa', NULL),
(110, 4, '2018-02-23 17:36:44', 'labRequest', 'Lab request for : Mon Joel Dela Rosa', NULL),
(111, 4, '2018-02-23 17:36:44', 'cancelLabRequest', 'Canceled lab request for: ma mon', NULL),
(112, 4, '2018-02-23 17:36:44', 'cancelLabRequest', 'Canceled lab request for: ma mon', NULL),
(113, 4, '2018-02-23 17:36:44', 'cancelLabRequest', 'Canceled lab request for: Ikaw Na Nga', NULL),
(114, 4, '2018-02-23 17:36:44', 'cancelLabRequest', 'Canceled lab request for: Paul Je', NULL),
(115, 4, '2018-02-23 17:36:44', 'cancelLabRequest', 'Canceled lab request for: rweewasqews', NULL),
(116, 4, '2018-02-23 17:36:44', 'cancelLabRequest', 'Canceled lab request for: ma mon', NULL),
(117, 4, '2018-02-23 17:36:44', 'cancelLabRequest', 'Canceled lab request for: ma mon', NULL),
(118, 4, '2018-02-23 17:36:44', 'cancelLabRequest', 'Canceled lab request for: Mon Joel Dela Rosa', NULL),
(119, 4, '2018-02-23 17:36:44', 'cancelLabRequest', 'Canceled lab request for: Mon Joel Dela Rosa', NULL),
(120, 4, '2018-02-23 18:05:02', 'log', 'Logged in', NULL),
(121, 4, '2018-02-23 18:05:02', 'labRequest', 'Lab request for : ma mon', NULL),
(122, 4, '2018-02-23 18:05:02', 'labRequest', 'Lab request for : ma mon', NULL),
(123, 4, '2018-02-23 18:05:02', 'labRequest', 'Lab request for : Ikaw Na Nga', NULL),
(124, 4, '2018-02-23 18:05:02', 'cancelLabRequest', 'Canceled lab request for: ma mon', NULL),
(125, 4, '2018-02-23 18:05:02', 'cancelLabRequest', 'Canceled lab request for: ma mon', NULL),
(126, 4, '2018-02-23 18:05:02', 'cancelLabRequest', 'Canceled lab request for: Ikaw Na Nga', NULL),
(127, 4, '2018-02-23 18:15:15', 'log', 'Logged in', NULL),
(128, 4, '2018-02-23 18:17:31', 'log', 'Logged in', NULL),
(129, 4, '2018-02-23 18:19:30', 'log', 'Logged in', NULL),
(130, 4, '2018-02-23 18:19:30', 'labRequest', 'Lab request for : ma mon', NULL),
(131, 4, '2018-02-23 18:19:30', 'labRequest', 'Lab request for : ma mon', NULL),
(132, 4, '2018-02-23 18:19:30', 'labRequest', 'Lab request for : Ikaw Na Nga', NULL),
(133, 4, '2018-02-23 18:38:19', 'log', 'Logged in', NULL),
(134, 4, '2018-02-23 18:39:13', 'log', 'Logged in', NULL),
(135, 4, '2018-02-23 18:40:04', 'log', 'Logged in', NULL),
(136, 4, '2018-02-23 18:40:32', 'log', 'Logged in', NULL),
(137, 4, '2018-02-23 18:42:41', 'log', 'Logged in', NULL),
(138, 4, '2018-02-23 18:42:41', 'log', 'Logged in', NULL),
(139, 4, '2018-02-23 18:52:34', 'log', 'Logged in', NULL),
(140, 4, '2018-02-23 18:52:40', 'log', 'Logged in', NULL),
(141, 4, '2018-02-23 18:55:12', 'log', 'Logged in', NULL),
(142, 4, '2018-02-23 18:55:12', 'labRequest', 'Lab request for : qwe', NULL),
(143, 4, '2018-02-23 18:58:16', 'log', 'Logged in', NULL),
(144, 4, '2018-02-23 18:58:52', 'log', 'Logged in', NULL),
(145, 4, '2018-02-23 18:58:52', 'labRequest', 'Lab request for : asd', NULL),
(146, 4, '2018-02-23 19:00:09', 'log', 'Logged in', NULL),
(147, 4, '2018-02-23 19:00:09', 'labRequest', 'Lab request for : Paul Je', NULL),
(148, 4, '2018-02-23 19:00:33', 'log', 'Logged in', NULL),
(149, 4, '2018-02-23 19:00:46', 'log', 'Logged in', NULL),
(150, 4, '2018-02-23 19:00:46', 'labRequest', 'Lab request for : rweewasqews', NULL),
(151, 4, '2018-02-23 19:00:46', 'cancelLabRequest', 'Canceled lab request for: ma mon', NULL),
(152, 4, '2018-02-23 19:00:46', 'cancelLabRequest', 'Canceled lab request for: ma mon', NULL),
(153, 4, '2018-02-23 19:00:46', 'cancelLabRequest', 'Canceled lab request for: Ikaw Na Nga', NULL),
(154, 4, '2018-02-23 19:00:46', 'cancelLabRequest', 'Canceled lab request for: qwe', NULL),
(155, 4, '2018-02-23 19:00:46', 'cancelLabRequest', 'Canceled lab request for: asd', NULL),
(156, 4, '2018-02-23 19:00:46', 'cancelLabRequest', 'Canceled lab request for: Paul Je', NULL),
(157, 4, '2018-02-23 19:00:46', 'cancelLabRequest', 'Canceled lab request for: rweewasqews', NULL),
(158, 4, '2018-02-23 19:57:58', 'log', 'Logged in', NULL),
(159, 4, '2018-02-23 19:58:27', 'log', 'Logged in', NULL),
(160, 4, '2018-02-23 20:04:33', 'log', 'Logged in', NULL),
(161, 4, '2018-02-23 20:04:33', 'labRequest', 'Lab request for : ma mon', NULL),
(162, 4, '2018-02-23 20:20:58', 'log', 'Logged in', NULL),
(163, 4, '2018-02-23 20:21:17', 'log', 'Logged in', NULL),
(164, 4, '2018-02-23 20:21:37', 'log', 'Logged in', NULL),
(165, 4, '2018-02-23 20:23:20', 'log', 'Logged in', NULL),
(166, 4, '2018-02-23 20:23:29', 'log', 'Logged in', NULL),
(167, 4, '2018-02-23 20:23:47', 'log', 'Logged in', NULL),
(168, 4, '2018-02-23 20:25:08', 'log', 'Logged in', NULL),
(169, 4, '2018-02-23 20:25:22', 'log', 'Logged in', NULL),
(170, 4, '2018-02-23 20:26:06', 'log', 'Logged in', NULL),
(171, 4, '2018-02-23 20:26:38', 'log', 'Logged in', NULL),
(172, 4, '2018-02-23 20:27:46', 'log', 'Logged in', NULL),
(173, 4, '2018-02-23 20:28:27', 'log', 'Logged in', NULL),
(174, 4, '2018-02-23 20:29:36', 'log', 'Logged in', NULL),
(175, 4, '2018-02-23 20:29:36', 'bedDischarge', 'Discharged a patient from bed number : 4', NULL),
(176, 4, '2018-02-23 20:39:33', 'log', 'Logged in', NULL),
(177, 4, '2018-02-23 20:39:52', 'log', 'Logged in', NULL),
(178, 4, '2018-02-23 20:46:16', 'log', 'Logged in', NULL),
(179, 4, '2018-02-23 20:46:16', 'log', 'Logged in', NULL),
(180, 4, '2018-02-23 22:27:22', 'log', 'Logged in', NULL),
(181, 4, '2018-02-23 22:27:39', 'log', 'Logged in', NULL),
(182, 4, '2018-02-23 22:31:04', 'log', 'Logged in', NULL),
(183, 4, '2018-02-23 22:31:04', 'log', 'Logged out', NULL),
(184, 3, '2018-02-23 22:31:04', 'log', 'Logged in', NULL),
(185, 3, '2018-02-23 22:38:40', 'log', 'Logged in', NULL),
(186, 3, '2018-02-23 22:38:40', 'initialAssessment', 'assessment for undefined', 42),
(187, 3, '2018-02-23 22:38:40', 'log', 'Logged out', NULL),
(188, 4, '2018-02-23 22:38:40', 'log', 'Logged in', NULL),
(189, 4, '2018-02-23 22:49:46', 'log', 'Logged in', NULL),
(190, 4, '2018-02-23 22:49:46', 'bedDischarge', 'Discharged a patient from bed number : 1', NULL),
(191, 4, '2018-02-23 23:01:13', 'log', 'Logged in', NULL),
(192, 4, '2018-02-23 23:01:35', 'log', 'Logged in', NULL),
(193, 4, '2018-02-23 23:02:27', 'log', 'Logged in', NULL),
(194, 4, '2018-02-23 23:03:14', 'log', 'Logged in', NULL),
(195, 4, '2018-02-23 23:03:14', 'diagnosis', 'diagnosis for : ma mon', NULL),
(196, 4, '2018-02-23 23:03:14', 'diagnosis', 'diagnosis for : ma mon', NULL),
(197, 4, '2018-02-23 23:03:14', 'diagnosis', 'diagnosis for : ma mon', NULL),
(198, 4, '2018-02-23 23:03:14', 'diagnosis', 'diagnosis for : ma mon', NULL),
(199, 4, '2018-02-23 23:03:14', 'diagnosis', 'diagnosis for : ma mon', NULL),
(200, 4, '2018-02-23 23:03:14', 'diagnosis', 'diagnosis for : ma mon', NULL),
(201, 4, '2018-02-23 23:03:14', 'diagnosis', 'diagnosis for : ma mon', NULL),
(202, 4, '2018-02-23 23:03:14', 'diagnosis', 'diagnosis for : Ikaw Na Nga', NULL),
(203, 4, '2018-02-23 23:03:14', 'diagnosis', 'diagnosis for : ma mon', NULL),
(204, 4, '2018-02-23 23:03:14', 'diagnosis', 'diagnosis for : ma mon', NULL),
(205, 3, '2018-02-23 23:36:36', 'log', 'Logged in', NULL),
(206, 3, '2018-02-24 00:49:36', 'log', 'Logged in', NULL),
(207, 3, '2018-02-24 00:49:36', 'log', 'Logged out', NULL),
(208, 4, '2018-02-24 00:49:36', 'log', 'Logged in', NULL),
(209, 4, '2018-02-24 00:49:36', 'log', 'Logged out', NULL),
(210, 1, '2018-02-24 00:49:36', 'log', 'Logged in', NULL),
(211, 3, '2018-02-24 00:57:35', 'log', 'Logged in', NULL),
(212, 3, '2018-02-24 00:57:35', 'log', 'Logged out', NULL),
(213, 4, '2018-02-24 00:57:35', 'log', 'Logged in', NULL),
(214, 4, '2018-02-24 00:57:35', 'log', 'Logged out', NULL),
(215, 5, '2018-02-24 00:57:35', 'log', 'Logged in', NULL),
(216, 5, '2018-02-24 00:57:35', 'log', 'Logged out', NULL),
(217, 3, '2018-02-24 00:57:35', 'log', 'Logged in', NULL),
(218, 3, '2018-02-24 01:06:20', 'log', 'Logged in', NULL),
(219, 3, '2018-02-24 01:07:50', 'log', 'Logged in', NULL),
(220, 3, '2018-02-24 01:18:11', 'log', 'Logged in', NULL),
(221, 4, '2018-02-24 14:34:44', 'log', 'Logged in', NULL),
(222, 4, '2018-02-24 14:48:40', 'log', 'Logged in', NULL),
(223, 4, '2018-02-24 14:48:53', 'log', 'Logged in', NULL),
(224, 4, '2018-02-24 14:49:51', 'log', 'Logged in', NULL),
(225, 4, '2018-02-24 14:49:51', 'bed', 'Alloted bed number: 1 to patient:ma mon', 42),
(226, 4, '2018-02-24 14:49:51', 'bed', 'Alloted bed number: 25 to patient:rweewasqews', 47),
(227, 4, '2018-02-24 14:49:51', 'bedDischarge', 'Discharged a patient from bed number : 1', NULL),
(228, 4, '2018-02-24 14:49:51', 'bedDischarge', 'Discharged a patient from bed number : 1', NULL),
(229, 4, '2018-02-24 14:49:51', 'bedDischarge', 'Discharged a patient from bed number : 25', NULL),
(230, 4, '2018-02-24 16:51:55', 'log', 'Logged in', NULL),
(231, 4, '2018-02-24 16:58:26', 'log', 'Logged in', NULL),
(232, 4, '2018-02-24 17:07:07', 'log', 'Logged in', NULL),
(233, 1, '2018-02-24 17:12:31', 'log', 'Logged in', NULL),
(234, 1, '2018-02-24 17:16:12', 'log', 'Logged in', NULL),
(235, 4, '2018-02-24 17:08:52', 'log', 'Logged in', NULL),
(236, 4, '2018-02-24 17:54:11', 'log', 'Logged in', NULL),
(237, 4, '2018-02-24 17:54:43', 'log', 'Logged in', NULL),
(238, 4, '2018-02-24 17:56:09', 'log', 'Logged in', NULL),
(239, 4, '2018-02-24 17:56:20', 'log', 'Logged in', NULL),
(240, 4, '2018-02-24 18:02:10', 'log', 'Logged in', NULL),
(241, 4, '2018-02-24 18:02:34', 'log', 'Logged in', NULL),
(242, 4, '2018-02-24 18:04:55', 'log', 'Logged in', NULL),
(243, 4, '2018-02-24 18:09:28', 'log', 'Logged in', NULL),
(244, 4, '2018-02-24 18:18:57', 'log', 'Logged in', NULL),
(245, 4, '2018-02-24 18:24:56', 'log', 'Logged in', NULL),
(246, 4, '2018-02-24 20:30:05', 'log', 'Logged in', NULL),
(247, 4, '2018-02-24 20:45:58', 'log', 'Logged in', NULL),
(248, 4, '2018-02-24 20:51:10', 'log', 'Logged in', NULL),
(249, 4, '2018-02-24 20:52:07', 'log', 'Logged in', NULL),
(250, 4, '2018-02-24 21:15:17', 'log', 'Logged in', NULL),
(251, 4, '2018-02-24 21:15:40', 'log', 'Logged in', NULL),
(252, 4, '2018-02-24 21:18:03', 'log', 'Logged in', NULL),
(253, 4, '2018-02-24 21:21:52', 'log', 'Logged in', NULL),
(254, 1, '2018-02-25 01:58:35', 'log', 'Logged in', NULL),
(255, 1, '2018-02-25 01:58:35', 'log', 'Logged out', NULL),
(256, 3, '2018-02-25 01:58:35', 'log', 'Logged in', NULL),
(257, 3, '2018-02-25 01:58:35', 'log', 'Logged out', NULL),
(258, 1, '2018-02-25 01:58:35', 'log', 'Logged in', NULL),
(259, 1, '2018-02-25 01:58:35', 'log', 'Logged out', NULL),
(260, 3, '2018-02-25 01:58:35', 'log', 'Logged in', NULL),
(261, 3, '2018-02-25 02:03:34', 'log', 'Logged in', NULL),
(262, 3, '2018-02-25 02:06:33', 'log', 'Logged in', NULL),
(263, 3, '2018-02-25 02:22:45', 'log', 'Logged in', NULL),
(264, 4, '2018-02-25 12:38:03', 'log', 'Logged in', NULL),
(265, 4, '2018-02-25 12:52:40', 'log', 'Logged in', NULL),
(266, 4, '2018-02-25 12:54:42', 'log', 'Logged in', NULL),
(267, 4, '2018-02-25 12:58:49', 'log', 'Logged in', NULL),
(268, 4, '2018-02-25 13:04:25', 'log', 'Logged in', NULL),
(269, 4, '2018-02-25 13:05:49', 'log', 'Logged in', NULL),
(270, 4, '2018-02-25 13:06:25', 'log', 'Logged in', NULL),
(271, 4, '2018-02-25 13:06:58', 'log', 'Logged in', NULL),
(272, 4, '2018-02-25 13:11:04', 'log', 'Logged in', NULL),
(273, 4, '2018-02-25 13:12:14', 'log', 'Logged in', NULL),
(274, 4, '2018-02-25 13:12:44', 'log', 'Logged in', NULL),
(275, 4, '2018-02-25 13:13:59', 'log', 'Logged in', NULL),
(276, 4, '2018-02-25 13:14:47', 'log', 'Logged in', NULL),
(277, 3, '2018-02-25 13:27:51', 'log', 'Logged in', NULL),
(278, 3, '2018-02-25 13:28:24', 'log', 'Logged in', NULL),
(279, 3, '2018-02-25 13:29:41', 'log', 'Logged in', NULL),
(280, 3, '2018-02-25 13:29:41', 'log', 'Logged out', NULL),
(281, 4, '2018-02-25 13:29:41', 'log', 'Logged in', NULL),
(282, 4, '2018-02-25 13:35:45', 'log', 'Logged in', NULL),
(283, 3, '2018-02-25 13:36:39', 'log', 'Logged in', NULL),
(284, 3, '2018-02-25 13:38:47', 'log', 'Logged in', NULL),
(285, 3, '2018-02-25 13:38:47', 'log', 'Logged out', NULL),
(286, 4, '2018-02-25 13:38:47', 'log', 'Logged in', NULL),
(287, 4, '2018-02-25 19:25:09', 'log', 'Logged in', NULL),
(288, 4, '2018-02-25 19:25:09', 'diagnosis', 'diagnosis for : Ikaw Na Nga', NULL),
(289, 4, '2018-02-25 19:25:09', 'log', 'Logged out', NULL),
(290, 1, '2018-02-25 19:25:09', 'log', 'Logged in', NULL),
(291, 1, '2018-02-25 19:25:09', 'log', 'Logged out', NULL),
(292, 5, '2018-02-25 19:25:09', 'log', 'Logged in', NULL),
(293, 5, '2018-02-25 19:36:14', 'log', 'Logged in', NULL),
(294, 5, '2018-02-25 19:44:08', 'log', 'Logged in', NULL),
(295, 5, '2018-02-25 19:44:38', 'log', 'Logged in', NULL),
(296, 5, '2018-02-25 19:47:42', 'log', 'Logged in', NULL),
(297, 5, '2018-02-25 19:49:32', 'log', 'Logged in', NULL),
(298, 5, '2018-02-25 19:50:28', 'log', 'Logged in', NULL),
(299, 5, '2018-02-25 19:51:11', 'log', 'Logged in', NULL),
(300, 5, '2018-02-25 19:51:49', 'log', 'Logged in', NULL),
(301, 5, '2018-02-25 19:51:49', 'confirmedLabRequest', 'Confirmed lab request for: ma mon', NULL),
(302, 5, '2018-02-25 19:52:22', 'log', 'Logged in', NULL),
(303, 5, '2018-02-25 19:52:22', 'confirmedLabRequest', 'Confirmed lab request for: ma mon', NULL),
(304, 4, '2018-02-25 20:18:44', 'log', 'Logged in', NULL),
(305, 4, '2018-02-25 20:18:44', 'labRequest', 'Lab request for : ma mon', NULL),
(306, 4, '2018-02-25 20:18:44', 'labRequest', 'Lab request for : ma mon', NULL),
(307, 4, '2018-02-25 20:18:44', 'labRequest', 'Lab request for : ma mon', NULL),
(308, 4, '2018-02-25 20:18:44', 'labRequest', 'Lab request for : ma mon', NULL),
(309, 4, '2018-02-25 20:18:44', 'labRequest', 'Lab request for : ma mon', NULL),
(310, 4, '2018-02-25 20:18:44', 'labRequest', 'Lab request for : ma mon', NULL),
(311, 4, '2018-02-25 20:18:44', 'log', 'Logged out', NULL),
(312, 5, '2018-02-25 20:18:44', 'log', 'Logged in', NULL),
(313, 5, '2018-02-25 20:20:59', 'log', 'Logged in', NULL),
(314, 5, '2018-02-25 20:20:59', 'log', 'Logged out', NULL),
(315, 4, '2018-02-25 20:20:59', 'log', 'Logged in', NULL),
(316, 4, '2018-02-25 20:20:59', 'labRequest', 'Lab request for : Paul Je', NULL),
(317, 4, '2018-02-25 20:20:59', 'log', 'Logged out', NULL),
(318, 1, '2018-02-25 20:20:59', 'log', 'Logged in', NULL),
(319, 1, '2018-02-25 20:20:59', 'log', 'Logged out', NULL),
(320, 5, '2018-02-25 20:20:59', 'log', 'Logged in', NULL),
(321, 5, '2018-02-25 20:20:59', 'confirmedLabRequest', 'Confirmed lab request for: ma mon', NULL),
(322, 5, '2018-02-25 20:20:59', 'confirmedLabRequest', 'Confirmed lab request for: Paul Je', NULL),
(323, 5, '2018-02-25 20:28:45', 'log', 'Logged in', NULL),
(324, 4, '2018-02-25 20:34:29', 'log', 'Logged in', NULL),
(325, 4, '2018-02-25 20:35:02', 'log', 'Logged in', NULL),
(326, 4, '2018-02-25 20:35:29', 'log', 'Logged in', NULL),
(327, 4, '2018-02-25 20:36:08', 'log', 'Logged in', NULL),
(328, 4, '2018-02-25 20:36:59', 'log', 'Logged in', NULL),
(329, 4, '2018-02-25 20:39:25', 'log', 'Logged in', NULL),
(330, 1, '2018-02-25 20:42:28', 'log', 'Logged in', NULL),
(331, 1, '2018-02-25 20:42:28', 'approvedPrescription', 'Approved prescription for: ma mon', NULL),
(332, 1, '2018-02-25 20:42:28', 'log', 'Logged out', NULL),
(333, 5, '2018-02-25 20:42:28', 'log', 'Logged in', NULL),
(334, 5, '2018-02-25 20:42:28', 'log', 'Logged out', NULL),
(335, 4, '2018-02-25 20:42:28', 'log', 'Logged in', NULL),
(336, 4, '2018-02-25 20:49:20', 'log', 'Logged in', NULL),
(337, 4, '2018-02-25 20:49:20', 'log', 'Logged out', NULL),
(338, 5, '2018-02-25 20:49:20', 'log', 'Logged in', NULL),
(339, 5, '2018-02-25 20:49:20', 'log', 'Logged out', NULL),
(340, 3, '2018-02-25 20:49:20', 'log', 'Logged in', NULL),
(341, 3, '2018-02-25 20:49:20', 'log', 'Logged out', NULL),
(342, 5, '2018-02-25 20:49:20', 'log', 'Logged in', NULL),
(343, 5, '2018-02-25 20:49:20', 'log', 'Logged out', NULL),
(344, 2, '2018-02-25 20:49:20', 'log', 'Logged in', NULL),
(345, 2, '2018-02-25 21:01:55', 'log', 'Logged in', NULL),
(346, 2, '2018-02-25 21:01:55', 'todo', 'Added to To Do List the following: asd', NULL),
(347, 2, '2018-02-25 21:08:10', 'log', 'Logged in', NULL),
(348, 2, '2018-02-25 21:08:39', 'log', 'Logged in', NULL),
(349, 2, '2018-02-25 21:22:50', 'log', 'Logged in', NULL),
(350, 2, '2018-02-25 21:31:13', 'log', 'Logged in', NULL),
(351, 2, '2018-02-25 21:48:18', 'log', 'Logged in', NULL),
(352, 4, '2018-02-25 21:49:57', 'log', 'Logged in', NULL),
(353, 4, '2018-02-25 21:49:57', 'log', 'Logged out', NULL),
(354, 2, '2018-02-25 21:49:57', 'log', 'Logged in', NULL),
(355, 2, '2018-02-25 21:49:57', 'addUser', 'Added user: sam', NULL),
(356, 4, '2018-02-25 21:52:52', 'log', 'Logged in', NULL),
(357, 4, '2018-02-25 21:52:52', 'log', 'Logged out', NULL),
(358, 2, '2018-02-25 21:52:52', 'log', 'Logged in', NULL),
(359, 2, '2018-02-25 21:52:52', 'removedUser', 'removed user: ', NULL),
(360, 2, '2018-02-25 21:52:52', 'addUser', 'Added user: zxcasdqwe', NULL),
(361, 2, '2018-02-25 22:00:00', 'log', 'Logged in', NULL),
(362, 4, '2018-02-26 12:23:55', 'log', 'Logged in', NULL),
(363, 4, '2018-02-26 12:23:55', 'labRequest', 'Lab request for : qwe', NULL),
(364, 4, '2018-02-26 12:23:55', 'bed', 'Alloted bed number: 25 to patient:rweewasqews', 47),
(365, 4, '2018-02-26 12:23:55', 'bed', 'Alloted bed number: 1 to patient:ma mon', 42),
(366, 3, '2018-02-26 12:23:55', 'log', 'Logged in', NULL),
(367, 3, '2018-02-26 12:23:55', 'log', 'Logged out', NULL),
(368, 4, '2018-02-26 12:23:55', 'log', 'Logged in', NULL),
(369, 3, '2018-03-04 16:58:05', 'log', 'Logged in', NULL),
(370, 3, '2018-03-04 23:59:15', 'log', 'Logged in', NULL),
(371, 3, '2018-03-05 00:02:32', 'log', 'Logged in', NULL),
(372, 3, '2018-03-05 00:04:05', 'log', 'Logged in', NULL),
(373, 3, '2018-03-05 00:04:55', 'log', 'Logged in', NULL),
(374, 3, '2018-03-05 00:06:13', 'log', 'Logged in', NULL),
(375, 3, '2018-03-05 00:06:32', 'log', 'Logged in', NULL),
(376, 3, '2018-03-05 00:07:27', 'log', 'Logged in', NULL),
(377, 3, '2018-03-05 00:07:27', 'add', 'Added: cadet - zxc', NULL),
(378, 3, '2018-03-05 00:08:22', 'log', 'Logged in', NULL),
(379, 3, '2018-03-05 00:08:22', 'add', 'Added: cadet - asd', NULL),
(380, 3, '2018-03-05 03:14:04', 'log', 'Logged in', NULL),
(381, 3, '2018-03-05 03:14:04', 'add', 'Added: cadet - asd', NULL),
(382, 3, '2018-03-05 14:36:16', 'log', 'Logged in', NULL),
(383, 4, '2018-03-05 14:49:32', 'log', 'Logged in', NULL),
(384, 4, '2018-03-05 14:49:32', 'log', 'Logged out', NULL),
(385, 3, '2018-03-05 14:49:32', 'log', 'Logged in', NULL),
(386, 3, '2018-03-05 14:50:43', 'log', 'Logged in', NULL),
(387, 3, '2018-03-05 14:57:51', 'log', 'Logged in', NULL),
(388, 3, '2018-03-05 14:59:42', 'log', 'Logged in', NULL),
(389, 3, '2018-03-05 15:03:11', 'log', 'Logged in', NULL),
(390, 3, '2018-03-05 15:03:41', 'log', 'Logged in', NULL),
(391, 3, '2018-03-05 15:04:48', 'log', 'Logged in', NULL),
(392, 3, '2018-03-05 15:07:31', 'log', 'Logged in', NULL),
(393, 3, '2018-03-05 15:08:03', 'log', 'Logged in', NULL),
(394, 3, '2018-03-05 15:08:40', 'log', 'Logged in', NULL),
(395, 3, '2018-03-05 15:09:03', 'log', 'Logged in', NULL),
(396, 3, '2018-03-05 15:09:30', 'log', 'Logged in', NULL),
(397, 3, '2018-03-05 15:11:48', 'log', 'Logged in', NULL),
(398, 3, '2018-03-05 15:12:28', 'log', 'Logged in', NULL),
(399, 4, '2018-03-05 15:12:50', 'log', 'Logged in', NULL),
(400, 4, '2018-03-05 15:12:50', 'log', 'Logged out', NULL),
(401, 3, '2018-03-05 15:12:50', 'log', 'Logged in', NULL),
(402, 3, '2018-03-05 15:17:54', 'log', 'Logged in', NULL),
(403, 3, '2018-03-05 15:20:00', 'log', 'Logged in', NULL),
(404, 3, '2018-03-05 15:21:17', 'log', 'Logged in', NULL),
(405, 3, '2018-03-05 15:25:11', 'log', 'Logged in', NULL),
(406, 3, '2018-03-05 15:25:58', 'log', 'Logged in', NULL),
(407, 3, '2018-03-05 15:26:43', 'log', 'Logged in', NULL),
(408, 3, '2018-03-05 15:30:19', 'log', 'Logged in', NULL),
(409, 3, '2018-03-05 15:30:46', 'log', 'Logged in', NULL),
(410, 3, '2018-03-05 15:34:01', 'log', 'Logged in', NULL),
(411, 3, '2018-03-05 15:34:24', 'log', 'Logged in', NULL),
(412, 3, '2018-03-05 15:35:52', 'log', 'Logged in', NULL),
(413, 3, '2018-03-05 15:39:46', 'log', 'Logged in', NULL),
(414, 3, '2018-03-05 15:41:05', 'log', 'Logged in', NULL),
(415, 4, '2018-03-05 15:44:17', 'log', 'Logged in', NULL),
(416, 4, '2018-03-05 15:46:05', 'log', 'Logged in', NULL),
(417, 3, '2018-03-05 15:52:45', 'log', 'Logged in', NULL),
(418, 3, '2018-03-05 15:53:50', 'log', 'Logged in', NULL),
(419, 3, '2018-03-05 16:12:08', 'log', 'Logged in', NULL),
(420, 3, '2018-03-05 17:11:43', 'log', 'Logged in', NULL),
(421, 3, '2018-03-05 17:11:43', 'log', 'Logged out', NULL),
(422, 4, '2018-03-05 17:11:43', 'log', 'Logged in', NULL),
(423, 4, '2018-03-05 17:11:43', 'log', 'Logged out', NULL),
(424, 2, '2018-03-05 17:11:43', 'log', 'Logged in', NULL),
(425, 2, '2018-03-05 17:13:57', 'log', 'Logged in', NULL),
(426, 2, '2018-03-05 17:15:53', 'log', 'Logged in', NULL),
(427, 2, '2018-03-05 17:17:02', 'log', 'Logged in', NULL),
(428, 2, '2018-03-05 17:18:52', 'log', 'Logged in', NULL),
(429, 2, '2018-03-05 17:18:52', 'addUser', 'Added user: asd2', NULL),
(430, 2, '2018-03-05 17:18:52', 'addUser', 'Added user: qweasd', NULL),
(431, 2, '2018-03-05 17:18:52', 'addUser', 'Added user: sdasd', NULL),
(432, 2, '2018-03-05 17:18:52', 'addUser', 'Added user: asdzxc', NULL),
(433, 2, '2018-03-05 17:18:52', 'addUser', 'Added user: qweasd', NULL),
(434, 2, '2018-03-05 17:25:16', 'log', 'Logged in', NULL),
(435, 2, '2018-03-05 17:26:08', 'log', 'Logged in', NULL),
(436, 2, '2018-03-05 17:31:53', 'log', 'Logged in', NULL),
(437, 2, '2018-03-05 17:34:20', 'log', 'Logged in', NULL),
(438, 4, '2018-03-05 17:36:23', 'log', 'Logged in', NULL),
(439, 4, '2018-03-05 17:36:23', 'log', 'Logged out', NULL),
(440, 2, '2018-03-05 17:36:23', 'log', 'Logged in', NULL),
(441, 2, '2018-03-05 17:36:23', 'addUser', 'Added user: zxcasd', NULL),
(442, 4, '2018-03-08 00:00:59', 'log', 'Logged in', NULL),
(443, 3, '2018-03-07 01:03:29', 'log', 'Logged in', NULL),
(444, 3, '2018-03-07 01:06:35', 'log', 'Logged in', NULL),
(445, 3, '2018-03-07 01:06:35', 'add', 'Added: cadet - Testing patient management', NULL),
(446, 3, '2018-03-07 01:10:33', 'log', 'Logged in', NULL),
(447, 3, '2018-03-07 01:11:07', 'log', 'Logged in', NULL),
(448, 3, '2018-03-07 01:11:36', 'log', 'Logged in', NULL),
(449, 3, '2018-03-07 01:11:36', 'add', 'Added: cadet - testing p2', NULL),
(450, 3, '2018-03-07 01:18:46', 'log', 'Logged in', NULL),
(451, 3, '2018-03-07 01:22:48', 'log', 'Logged in', NULL),
(452, 3, '2018-03-07 01:23:55', 'log', 'Logged in', NULL),
(453, 3, '2018-03-07 01:30:55', 'log', 'Logged in', NULL),
(454, 3, '2018-03-07 01:38:50', 'log', 'Logged in', NULL),
(455, 3, '2018-03-07 01:39:40', 'log', 'Logged in', NULL),
(456, 4, '2018-03-07 01:38:50', 'log', 'Logged in', NULL),
(457, 4, '2018-03-07 01:38:50', 'bedDischarge', 'Discharged a patient from bed number : 1', NULL),
(458, 4, '2018-03-07 01:38:50', 'log', 'Logged out', NULL),
(459, 3, '2018-03-07 01:38:50', 'log', 'Logged in', NULL),
(460, 3, '2018-03-07 01:44:38', 'log', 'Logged in', NULL),
(461, 3, '2018-03-07 01:44:38', 'log', 'Logged out', NULL),
(462, 4, '2018-03-07 01:44:38', 'log', 'Logged in', NULL),
(463, 4, '2018-03-07 18:36:48', 'log', 'Logged in', NULL),
(464, 4, '2018-03-07 18:36:48', 'log', 'Logged out', NULL),
(465, 2, '2018-03-07 18:50:49', 'log', 'Logged in', NULL),
(466, 2, '2018-03-07 18:59:07', 'log', 'Logged in', NULL),
(467, 2, '2018-03-07 19:00:28', 'log', 'Logged in', NULL),
(468, 2, '2018-03-07 19:01:31', 'log', 'Logged in', NULL),
(469, 2, '2018-03-07 19:05:04', 'log', 'Logged in', NULL),
(470, 2, '2018-03-07 19:06:14', 'log', 'Logged in', NULL),
(471, 2, '2018-03-07 19:06:14', 'addUser', 'Added user: asdasd', NULL),
(472, 2, '2018-03-07 19:07:36', 'log', 'Logged in', NULL),
(473, 2, '2018-03-07 19:07:36', 'addUser', 'Added user: azxc', NULL),
(474, 2, '2018-03-07 19:07:36', 'log', 'Logged out', NULL),
(475, 4, '2018-03-07 19:07:36', 'log', 'Logged in', NULL),
(476, 2, '2018-03-07 19:45:31', 'log', 'Logged in', NULL),
(477, 2, '2018-03-07 19:45:31', 'addUser', 'Added user: monjoel', NULL),
(478, 2, '2018-03-07 19:49:33', 'log', 'Logged in', NULL),
(479, 2, '2018-03-07 19:49:33', 'addUser', 'Added user: mon', NULL),
(480, 2, '2018-03-07 19:53:18', 'log', 'Logged in', NULL),
(481, 2, '2018-03-07 19:53:18', 'addUser', 'Added user: raphael', NULL),
(482, 2, '2018-03-07 21:43:26', 'log', 'Logged in', NULL),
(483, 2, '2018-03-07 21:43:26', 'addUser', 'Added user: dikonalam', NULL),
(484, 2, '2018-03-07 21:45:31', 'log', 'Logged in', NULL),
(485, 2, '2018-03-07 21:45:31', 'addUser', 'Added user: qwe', NULL),
(486, 2, '2018-03-07 21:46:26', 'log', 'Logged in', NULL),
(487, 2, '2018-03-07 21:46:26', 'addUser', 'Added user: qwe', NULL),
(488, 2, '2018-03-07 21:46:58', 'log', 'Logged in', NULL),
(489, 2, '2018-03-07 21:46:58', 'addUser', 'Added user: 789', NULL),
(490, 2, '2018-03-07 21:48:34', 'log', 'Logged in', NULL),
(491, 2, '2018-03-07 21:48:34', 'addUser', 'Added user: joel', NULL),
(492, 2, '2018-03-07 21:48:34', 'log', 'Logged out', NULL),
(493, 24, '2018-03-07 21:50:01', 'log', 'Logged in', NULL),
(494, 24, '2018-03-07 21:50:01', 'log', 'Logged out', NULL),
(495, 24, '2018-03-07 21:50:01', 'log', 'Logged in', NULL),
(496, 24, '2018-03-07 21:50:01', 'log', 'Logged out', NULL),
(497, 24, '2018-03-07 21:50:01', 'log', 'Logged in', NULL),
(498, 24, '2018-03-07 21:50:01', 'addUser', 'Added user: Grubat', NULL),
(499, 25, '2018-03-07 22:15:45', 'log', 'Logged in', NULL),
(500, 25, '2018-03-07 22:15:45', 'addUser', 'Added user: Quack', NULL),
(501, 25, '2018-03-07 22:15:45', 'log', 'Logged out', NULL),
(502, 26, '2018-03-07 22:15:45', 'log', 'Logged in', NULL),
(503, 26, '2018-03-07 22:51:15', 'log', 'Logged in', NULL),
(504, 26, '2018-03-07 22:52:20', 'log', 'Logged in', NULL),
(505, 26, '2018-03-07 22:52:20', 'log', 'Logged out', NULL),
(506, 25, '2018-03-07 23:12:45', 'log', 'Logged in', NULL),
(507, 25, '2018-03-07 23:12:45', 'addUser', 'Added user: Narsie', NULL),
(508, 25, '2018-03-07 23:12:45', 'log', 'Logged out', NULL),
(509, 27, '2018-03-07 23:12:45', 'log', 'Logged in', NULL),
(510, 27, '2018-03-07 23:21:52', 'log', 'Logged in', NULL),
(511, 27, '2018-03-07 23:21:52', 'initialAssessment', 'assessment for undefined', 42),
(512, 27, '2018-03-07 23:21:52', 'log', 'Logged out', NULL),
(513, 26, '2018-03-07 23:21:52', 'log', 'Logged in', NULL),
(514, 26, '2018-03-07 23:21:52', 'log', 'Logged out', NULL),
(515, 27, '2018-03-07 23:21:52', 'log', 'Logged in', NULL),
(516, 27, '2018-03-07 23:21:52', 'initialAssessment', 'assessment for undefined', 43),
(517, 27, '2018-03-07 23:21:52', 'log', 'Logged out', NULL),
(518, 26, '2018-03-07 23:21:52', 'log', 'Logged in', NULL),
(519, 26, '2018-03-07 23:21:52', 'log', 'Logged out', NULL),
(520, 27, '2018-03-07 23:21:52', 'log', 'Logged in', NULL),
(521, 27, '2018-03-07 23:21:52', 'initialAssessment', 'assessment for undefined', 48),
(522, 27, '2018-03-07 23:21:52', 'log', 'Logged out', NULL),
(523, 26, '2018-03-07 23:21:52', 'log', 'Logged in', NULL),
(524, 26, '2018-03-07 23:21:52', 'log', 'Logged out', NULL),
(525, 27, '2018-03-07 23:21:52', 'log', 'Logged in', NULL),
(526, 27, '2018-03-07 23:35:14', 'log', 'Logged in', NULL),
(527, 27, '2018-03-07 23:35:14', 'add', 'Added: authorized civilian - NYEEEEEEEEAM', NULL),
(528, 27, '2018-03-07 23:36:24', 'log', 'Logged in', NULL),
(529, 27, '2018-03-07 23:36:24', 'add', 'Added: civilian - monicuuuuuuuuuh', NULL),
(530, 27, '2018-03-07 23:36:24', 'add', 'Added: military dependent - racheeeeel', NULL),
(531, 27, '2018-03-07 23:36:24', 'add', 'Added: cadet - chandleeeeer', NULL),
(532, 27, '2018-03-07 23:36:24', 'add', 'Added: military officer - phoeeeeeeeeeeeebe', NULL),
(533, 27, '2018-03-07 23:36:24', 'log', 'Logged out', NULL),
(534, 26, '2018-03-07 23:36:24', 'log', 'Logged in', NULL),
(535, 26, '2018-03-07 23:36:24', 'log', 'Logged out', NULL),
(536, 27, '2018-03-07 23:36:24', 'log', 'Logged in', NULL),
(537, 27, '2018-03-07 23:36:24', 'add', 'Added: cadet - joeeeeeeeeey', NULL),
(538, 27, '2018-03-07 23:36:24', 'add', 'Added: military dependent - rrrrroooooooooooooossss', NULL),
(539, 27, '2018-03-07 23:36:24', 'add', 'Added: authorized civilian - teeeeeeeeeeed', NULL),
(540, 27, '2018-03-08 00:17:17', 'log', 'Logged in', NULL),
(541, 26, '2018-03-08 00:18:25', 'log', 'Logged in', NULL),
(542, 26, '2018-03-08 00:18:25', 'log', 'Logged out', NULL),
(543, 25, '2018-03-08 00:18:25', 'log', 'Logged in', NULL),
(544, 27, '2018-03-08 00:25:54', 'log', 'Logged in', NULL),
(545, 27, '2018-03-08 00:25:54', 'todo', 'Added to To Do List the following: General meeting at Lim Hall', NULL),
(546, 27, '2018-03-08 00:30:06', 'log', 'Logged in', NULL),
(547, 27, '2018-03-08 10:34:12', 'log', 'Logged in', NULL),
(548, 26, '2018-03-08 11:00:55', 'log', 'Logged in', NULL),
(549, 26, '2018-03-08 11:00:55', 'log', 'Logged out', NULL),
(550, 27, '2018-03-08 11:00:55', 'log', 'Logged in', NULL),
(551, 27, '2018-03-08 11:00:55', 'initialAssessment', 'assessment for undefined', 46),
(552, 27, '2018-03-08 11:00:55', 'log', 'Logged out', NULL),
(553, 25, '2018-03-08 11:00:55', 'log', 'Logged in', NULL),
(554, 25, '2018-03-08 11:00:55', 'log', 'Logged out', NULL),
(555, 27, '2018-03-08 11:00:55', 'log', 'Logged in', NULL),
(556, 27, '2018-03-08 11:00:55', 'log', 'Logged out', NULL),
(557, 25, '2018-03-08 11:00:55', 'log', 'Logged in', NULL),
(558, 25, '2018-03-08 11:00:55', 'settingsProfileManagement', 'Edited personal info.', NULL),
(559, 25, '2018-03-08 11:00:55', 'log', 'Logged out', NULL),
(560, 26, '2018-03-08 11:00:55', 'log', 'Logged in', NULL),
(561, 26, '2018-03-08 11:00:55', 'settingsProfileManagement', 'Edited personal info.', NULL),
(562, 26, '2018-03-08 11:00:55', 'log', 'Logged out', NULL),
(563, 25, '2018-03-08 11:00:55', 'log', 'Logged in', NULL),
(564, 25, '2018-03-08 11:00:55', 'log', 'Logged out', NULL),
(565, 27, '2018-03-11 13:23:20', 'log', 'Logged in', NULL),
(566, 27, '2018-03-11 13:34:17', 'log', 'Logged in', NULL),
(567, 27, '2018-03-11 13:34:17', 'add', 'Added: civilian - magellaaaaaaaaaaaaaaaan', NULL),
(568, 27, '2018-03-11 13:34:17', 'log', 'Logged out', NULL),
(569, 25, '2018-03-11 13:34:17', 'log', 'Logged in', NULL),
(570, 25, '2018-03-11 13:34:17', 'settingsProfileManagement', 'Edited personal info.', NULL),
(571, 25, '2018-03-11 13:34:17', 'settingsProfileManagement', 'Edited personal info.', NULL),
(572, 25, '2018-03-11 13:34:17', 'settingsProfileManagement', 'Edited personal info.', NULL),
(573, 25, '2018-03-11 13:34:17', 'log', 'Logged out', NULL),
(574, 27, '2018-03-11 13:34:17', 'log', 'Logged in', NULL),
(575, 27, '2018-03-11 13:54:17', 'log', 'Logged in', NULL),
(576, 27, '2018-03-11 13:54:17', 'log', 'Logged out', NULL),
(577, 27, '2018-03-11 13:58:16', 'log', 'Logged in', NULL),
(578, 27, '2018-03-11 13:58:16', 'add', 'Added: military officer - lowkey', NULL),
(579, 27, '2018-03-11 13:58:16', 'log', 'Logged out', NULL),
(580, 27, '2018-03-11 14:11:14', 'log', 'Logged in', NULL),
(581, 27, '2018-03-11 14:11:14', 'log', 'Logged out', NULL),
(582, 27, '2018-03-11 14:11:14', 'log', 'Logged in', NULL),
(583, 27, '2018-03-11 14:11:14', 'add', 'Added: cadet - wewe', NULL),
(584, 27, '2018-03-11 14:11:14', 'add', 'Added: authorized civilian - HUEHUE', NULL),
(585, 27, '2018-03-11 14:11:14', 'add', 'Added: authorized civilian - NINE', NULL),
(586, 27, '2018-03-11 14:11:14', 'add', 'Added: cadet - EIGHTjnb hjb', NULL),
(587, 27, '2018-03-11 14:11:14', 'add', 'Added: military dependent - SIBIN', NULL),
(588, 27, '2018-03-11 14:11:14', 'add', 'Added: military dependent - nyameten', NULL),
(589, 27, '2018-03-11 14:11:14', 'add', 'Added: authorized civilian - queuqeuuequeuqeuqqe', NULL),
(590, 27, '2018-03-11 14:11:14', 'log', 'Logged out', NULL),
(591, 25, '2018-03-11 14:11:14', 'log', 'Logged in', NULL),
(592, 25, '2018-03-11 14:11:14', 'settingsProfileManagement', 'Edited personal info.', NULL),
(593, 25, '2018-03-11 14:11:14', 'log', 'Logged out', NULL),
(594, 27, '2018-03-11 14:11:14', 'log', 'Logged in', NULL),
(595, 27, '2018-03-11 16:15:23', 'log', 'Logged in', NULL),
(596, 27, '2018-03-11 16:17:17', 'log', 'Logged in', NULL),
(597, 27, '2018-03-11 16:17:17', 'add', 'Added: authorized civilian - tope', NULL),
(598, 27, '2018-03-11 16:17:17', 'add', 'Added: authorized civilian - nyets', NULL),
(599, 27, '2018-03-11 16:43:33', 'log', 'Logged in', NULL),
(600, 27, '2018-03-11 16:44:31', 'log', 'Logged in', NULL),
(601, 27, '2018-03-11 16:44:31', 'add', 'Added: authorized civilian - wewewewewe', NULL),
(602, 27, '2018-03-11 16:51:14', 'log', 'Logged in', NULL),
(603, 27, '2018-03-11 16:51:14', 'add', 'Added: authorized civilian - kope', NULL),
(604, 27, '2018-03-11 16:51:14', 'log', 'Logged in', NULL),
(605, 27, '2018-03-11 16:51:14', 'log', 'Logged in', NULL),
(606, 27, '2018-03-11 16:51:14', 'log', 'Logged in', NULL),
(607, 27, '2018-03-11 16:51:14', 'log', 'Logged in', NULL),
(608, 27, '2018-03-11 16:51:14', 'log', 'Logged out', NULL),
(609, 25, '2018-03-11 16:51:14', 'log', 'Logged in', NULL),
(610, 25, '2018-03-11 16:51:14', 'settingsProfileManagement', 'Edited personal info.', NULL),
(611, 25, '2018-03-11 16:51:14', 'log', 'Logged out', NULL),
(612, 26, '2018-03-11 16:51:14', 'log', 'Logged in', NULL),
(613, 26, '2018-03-11 16:51:14', 'log', 'Logged out', NULL),
(614, 27, '2018-03-11 23:27:14', 'log', 'Logged in', NULL),
(615, 27, '2018-03-12 10:26:37', 'log', 'Logged in', NULL),
(616, 27, '2018-03-12 10:26:37', 'add', 'Added: military dependent - Jenmar R. Pogi', NULL),
(617, 27, '2018-03-12 10:26:37', 'log', 'Logged out', NULL),
(618, 25, '2018-03-12 10:26:37', 'log', 'Logged in', NULL),
(619, 25, '2018-03-12 10:26:37', 'settingsProfileManagement', 'Edited personal info.', NULL),
(620, 25, '2018-03-12 10:26:37', 'log', 'Logged in', NULL),
(621, 25, '2018-03-12 10:26:37', 'settingsProfileManagement', 'Edited personal info.', NULL),
(622, 25, '2018-03-12 10:26:37', 'log', 'Logged out', NULL),
(623, 25, '2018-03-12 10:26:37', 'log', 'Logged out', NULL),
(624, 27, '2018-03-12 10:26:37', 'log', 'Logged in', NULL),
(625, 27, '2018-03-12 10:26:37', 'log', 'Logged out', NULL),
(626, 25, '2018-03-12 10:26:37', 'log', 'Logged in', NULL),
(627, 25, '2018-03-12 10:26:37', 'settingsProfileManagement', 'Edited personal info.', NULL),
(628, 25, '2018-03-12 10:26:37', 'log', 'Logged out', NULL),
(629, 27, '2018-03-12 10:26:37', 'log', 'Logged in', NULL),
(630, 27, '2018-03-12 10:26:37', 'log', 'Logged out', NULL),
(631, 27, '2018-03-12 10:26:37', 'log', 'Logged in', NULL),
(632, 27, '2018-03-12 10:26:37', 'log', 'Logged out', NULL),
(633, 25, '2018-03-12 10:26:37', 'log', 'Logged in', NULL),
(634, 25, '2018-03-12 10:26:37', 'log', 'Logged out', NULL),
(635, 27, '2018-03-12 10:26:37', 'log', 'Logged in', NULL),
(636, 27, '2018-03-12 10:26:37', 'log', 'Logged out', NULL),
(637, 25, '2018-03-12 10:26:37', 'log', 'Logged in', NULL),
(638, 25, '2018-03-12 10:26:37', 'log', 'Logged out', NULL),
(639, 27, '2018-03-12 10:26:37', 'log', 'Logged in', NULL),
(640, 27, '2018-03-12 10:26:37', 'log', 'Logged in', NULL),
(641, 27, '2018-03-12 10:26:37', 'log', 'Logged out', NULL),
(642, 25, '2018-03-12 10:26:37', 'log', 'Logged in', NULL),
(643, 25, '2018-03-12 10:26:37', 'settingsProfileManagement', 'Edited personal info.', NULL),
(644, 25, '2018-03-12 10:26:37', 'settingsProfileManagement', 'Edited personal info.', NULL),
(645, 25, '2018-03-12 10:26:37', 'settingsProfileManagement', 'Edited personal info.', NULL),
(646, 25, '2018-03-12 10:26:37', 'settingsProfileManagement', 'Edited personal info.', NULL),
(647, 25, '2018-03-12 10:26:37', 'settingsProfileManagement', 'Edited personal info.', NULL),
(648, 25, '2018-03-12 10:26:37', 'log', 'Logged out', NULL),
(649, 27, '2018-03-12 10:26:37', 'log', 'Logged in', NULL),
(650, 27, '2018-03-12 10:26:37', 'log', 'Logged out', NULL),
(651, 26, '2018-03-12 10:26:37', 'log', 'Logged in', NULL),
(652, 26, '2018-03-12 10:26:37', 'labRequest', 'Lab request for : Paul Je', NULL),
(653, 27, '2018-03-12 10:26:37', 'log', 'Logged out', NULL),
(654, 26, '2018-03-12 10:26:37', 'log', 'Logged in', NULL),
(655, 26, '2018-03-12 10:26:37', 'log', 'Logged out', NULL),
(656, 27, '2018-03-12 10:26:37', 'log', 'Logged in', NULL),
(657, 27, '2018-03-12 10:26:37', 'log', 'Logged out', NULL),
(658, 26, '2018-03-12 10:26:37', 'log', 'Logged in', NULL),
(659, 26, '2018-03-12 10:26:37', 'log', 'Logged out', NULL),
(660, 27, '2018-03-12 10:26:37', 'log', 'Logged in', NULL),
(661, 27, '2018-03-12 12:13:04', 'log', 'Logged in', NULL),
(662, 27, '2018-03-12 12:13:04', 'settingsProfileManagement', 'Edited personal info.', NULL),
(663, 27, '2018-03-12 12:13:04', 'log', 'Logged out', NULL),
(664, 26, '2018-03-12 12:13:04', 'log', 'Logged in', NULL),
(665, 26, '2018-03-12 12:13:04', 'log', 'Logged out', NULL),
(666, 27, '2018-03-12 12:13:04', 'log', 'Logged in', NULL),
(667, 27, '2018-03-12 12:13:04', 'initialAssessment', 'assessment for undefined', 44),
(668, 27, '2018-03-12 12:13:04', 'initialAssessment', 'assessment for undefined', 45),
(669, 27, '2018-03-12 12:13:04', 'log', 'Logged out', NULL),
(670, 26, '2018-03-12 12:13:04', 'log', 'Logged in', NULL),
(671, 26, '2018-03-12 12:13:04', 'log', 'Logged out', NULL),
(672, 27, '2018-03-12 12:13:04', 'log', 'Logged in', NULL),
(673, 27, '2018-03-12 12:13:04', 'settingsProfileManagement', 'Edited personal info.', NULL),
(674, 26, '2018-03-12 12:47:22', 'log', 'Logged in', NULL),
(675, 26, '2018-03-12 12:47:22', 'bed', 'Alloted bed number: 1 to patient:ma mon', 42),
(676, 26, '2018-03-12 12:47:22', 'log', 'Logged out', NULL),
(677, 27, '2018-03-12 12:47:22', 'log', 'Logged in', NULL),
(678, 27, '2018-03-12 12:47:22', 'log', 'Logged out', NULL),
(679, 26, '2018-03-12 12:47:22', 'log', 'Logged in', NULL),
(680, 25, '2018-03-12 14:06:50', 'log', 'Logged in', NULL),
(681, 25, '2018-03-12 14:06:50', 'log', 'Logged out', NULL),
(682, 27, '2018-03-12 14:06:50', 'log', 'Logged in', NULL),
(683, 27, '2018-03-12 14:06:50', 'log', 'Logged out', NULL),
(684, 26, '2018-03-12 14:06:50', 'log', 'Logged in', NULL),
(685, 26, '2018-03-12 14:38:22', 'log', 'Logged in', NULL),
(686, 26, '2018-03-12 14:56:01', 'log', 'Logged in', NULL),
(687, 26, '2018-03-12 14:38:22', 'log', 'Logged in', NULL),
(688, 26, '2018-03-12 14:38:22', 'bed', 'Alloted bed number: 2 to patient:Ikaw Na Nga', 45),
(689, 26, '2018-03-12 14:38:22', 'log', 'Logged out', NULL),
(690, 25, '2018-03-12 14:38:22', 'log', 'Logged in', NULL),
(691, 25, '2018-03-12 14:38:22', 'log', 'Logged out', NULL),
(692, 26, '2018-03-12 14:38:22', 'log', 'Logged in', NULL),
(693, 26, '2018-03-12 14:38:22', 'log', 'Logged out', NULL),
(694, 27, '2018-03-12 14:38:22', 'log', 'Logged in', NULL),
(695, 27, '2018-03-12 14:38:22', 'log', 'Logged out', NULL),
(696, 26, '2018-03-12 14:38:22', 'log', 'Logged in', NULL),
(697, 26, '2018-03-12 14:38:22', 'log', 'Logged out', NULL),
(698, 27, '2018-03-12 16:22:34', 'log', 'Logged in', NULL),
(699, 27, '2018-03-12 16:22:34', 'log', 'Logged out', NULL),
(700, 25, '2018-03-12 16:32:01', 'log', 'Logged in', NULL),
(701, 25, '2018-03-12 16:32:01', 'addUser', 'Added user: Joshua Laban', NULL),
(702, 25, '2018-03-12 16:32:01', 'removedUser', 'removed user: Joshua Laban', NULL),
(703, 25, '2018-03-12 16:32:01', 'addUser', 'Added user: Joshua N. Laban', NULL),
(704, 25, '2018-03-12 16:32:01', 'log', 'Logged out', NULL),
(705, 29, '2018-03-12 16:32:01', 'log', 'Logged in', NULL),
(706, 29, '2018-03-12 16:32:01', 'settingsProfileManagement', 'Edited personal info.', NULL),
(707, 29, '2018-03-12 16:32:01', 'settingsProfileManagement', 'Edited personal info.', NULL),
(708, 25, '2018-03-12 16:44:52', 'log', 'Logged in', NULL),
(709, 25, '2018-03-12 16:44:52', 'log', 'Logged out', NULL),
(710, 29, '2018-03-12 16:44:52', 'log', 'Logged in', NULL),
(711, 29, '2018-03-12 16:44:52', 'log', 'Logged out', NULL),
(712, 27, '2018-03-12 16:44:52', 'log', 'Logged in', NULL),
(713, 27, '2018-03-12 16:47:06', 'log', 'Logged in', NULL),
(714, 27, '2018-03-12 16:47:06', 'log', 'Logged out', NULL),
(715, 29, '2018-03-12 16:47:06', 'log', 'Logged in', NULL),
(716, 29, '2018-03-12 16:47:06', 'settingsProfileManagement', 'Edited personal info.', NULL),
(717, 29, '2018-03-12 16:47:06', 'confirmedLabRequest', 'Confirmed lab request for: Paul Je', NULL),
(718, 29, '2018-03-12 16:47:06', 'log', 'Logged out', NULL),
(719, 25, '2018-03-12 16:47:06', 'log', 'Logged in', NULL),
(720, 25, '2018-03-12 16:47:06', 'addUser', 'Added user: jennieboy', NULL),
(721, 25, '2018-03-12 16:47:06', 'log', 'Logged out', NULL),
(722, 30, '2018-03-12 16:47:06', 'log', 'Logged in', NULL),
(723, 30, '2018-03-12 16:47:06', 'log', 'Logged out', NULL),
(724, 30, '2018-03-12 16:47:06', 'log', 'Logged in', NULL),
(725, 30, '2018-03-12 17:26:43', 'log', 'Logged in', NULL),
(726, 30, '2018-03-12 17:26:43', 'log', 'Logged out', NULL),
(727, 29, '2018-03-12 17:26:43', 'log', 'Logged in', NULL),
(728, 29, '2018-03-12 17:35:28', 'log', 'Logged in', NULL),
(729, 27, '2018-03-12 17:39:08', 'log', 'Logged in', NULL),
(730, 27, '2018-03-12 17:39:08', 'todo', 'Added to To Do List the following: sadhbuihbnfasiukbnsfcauhb', NULL),
(731, 27, '2018-03-12 17:39:08', 'todo', 'Added to To Do List the following: huehuiyehgaueghbuyhbe', NULL),
(732, 27, '2018-03-12 17:42:53', 'delTodo', 'Deleted data from todo List', NULL),
(733, 27, '2018-03-12 17:49:18', 'log', 'Logged in', NULL),
(734, 27, '2018-03-12 17:49:18', 'log', 'Logged out', NULL),
(735, 27, '2018-03-12 17:49:18', 'log', 'Logged in', NULL),
(736, 27, '2018-03-12 17:49:18', 'log', 'Logged out', NULL),
(737, 29, '2018-03-12 17:49:18', 'log', 'Logged in', NULL),
(738, 29, '2018-03-12 17:49:18', 'log', 'Logged out', NULL),
(739, 26, '2018-03-12 17:49:18', 'log', 'Logged in', NULL),
(740, 26, '2018-03-12 17:49:18', 'labRequest', 'Lab request for : ma mon', NULL),
(741, 26, '2018-03-12 17:49:18', 'log', 'Logged out', NULL),
(742, 29, '2018-03-12 17:49:18', 'log', 'Logged in', NULL),
(743, 29, '2018-03-12 17:49:18', 'log', 'Logged out', NULL),
(744, 25, '2018-03-12 18:09:35', 'log', 'Logged in', NULL),
(745, 25, '2018-03-12 18:22:57', 'log', 'Logged in', NULL),
(746, 25, '2018-03-12 18:24:27', 'log', 'Logged in', NULL),
(747, 25, '2018-03-12 18:30:54', 'log', 'Logged in', NULL),
(748, 27, '2018-03-12 18:39:18', 'log', 'Logged in', NULL),
(749, 27, '2018-03-12 18:39:18', 'log', 'Logged out', NULL),
(750, 25, '2018-03-12 18:39:18', 'log', 'Logged in', NULL),
(751, 25, '2018-03-12 18:45:34', 'log', 'Logged in', NULL),
(752, 25, '2018-03-12 18:47:48', 'log', 'Logged in', NULL),
(753, 25, '2018-03-12 18:49:41', 'log', 'Logged in', NULL),
(754, 27, '2018-03-12 18:56:36', 'log', 'Logged in', NULL),
(755, 27, '2018-03-12 18:56:36', 'log', 'Logged out', NULL),
(756, 25, '2018-03-12 18:56:36', 'log', 'Logged in', NULL),
(757, 27, '2018-03-12 18:59:14', 'log', 'Logged in', NULL),
(758, 27, '2018-03-12 18:59:14', 'log', 'Logged out', NULL),
(759, 25, '2018-03-12 18:59:14', 'log', 'Logged in', NULL),
(760, 25, '2018-03-12 19:00:51', 'log', 'Logged in', NULL),
(761, 25, '2018-03-12 19:03:57', 'log', 'Logged in', NULL),
(762, 25, '2018-03-12 19:09:50', 'log', 'Logged in', NULL),
(763, 25, '2018-03-12 19:11:06', 'log', 'Logged in', NULL),
(764, 25, '2018-03-12 19:13:17', 'log', 'Logged in', NULL),
(765, 25, '2018-03-12 19:13:17', 'addUser', 'Added user: qwe', NULL),
(766, 25, '2018-03-12 19:15:31', 'log', 'Logged in', NULL),
(767, 25, '2018-03-12 19:15:31', 'addUser', 'Added user: qweqwe', NULL),
(768, 27, '2018-03-12 19:22:57', 'log', 'Logged in', NULL),
(769, 27, '2018-03-12 19:28:06', 'log', 'Logged in', NULL),
(770, 27, '2018-03-12 19:29:23', 'log', 'Logged in', NULL),
(771, 27, '2018-03-12 19:30:44', 'log', 'Logged in', NULL);
INSERT INTO `activity_logs` (`logs_id`, `account_id`, `time`, `type`, `remarks`, `patient_id`) VALUES
(772, 27, '2018-03-12 19:32:33', 'log', 'Logged in', NULL),
(773, 27, '2018-03-12 19:34:16', 'log', 'Logged in', NULL),
(774, 27, '2018-03-12 19:34:16', 'generalTodo', 'Added to To Do List the following: asdxzc', NULL),
(775, 27, '2018-03-12 19:35:31', 'log', 'Logged in', NULL),
(776, 27, '2018-03-12 19:36:23', 'log', 'Logged in', NULL),
(777, 27, '2018-03-12 19:36:23', 'generalTodo', 'Todo added general: xczxase', NULL),
(778, 27, '2018-03-12 19:36:23', 'log', 'Logged out', NULL),
(779, 27, '2018-03-12 19:36:23', 'log', 'Logged in', NULL),
(780, 27, '2018-03-12 19:36:23', 'generalTodo', 'Todo added general: asdxzc', NULL),
(781, 27, '2018-03-12 19:46:43', 'log', 'Logged in', NULL),
(782, 27, '2018-03-12 23:11:33', 'log', 'Logged in', NULL),
(783, 27, '2018-03-12 23:14:12', 'log', 'Logged in', NULL),
(784, 27, '2018-03-12 23:14:54', 'log', 'Logged in', NULL),
(785, 27, '2018-03-12 23:15:00', 'delTodo', 'Deleted data from todo List', NULL),
(786, 27, '2018-03-12 23:15:04', 'delTodo', 'Deleted data from todo List', NULL),
(787, 27, '2018-03-13 00:06:13', 'log', 'Logged in', NULL),
(788, 27, '2018-03-13 00:06:13', 'generalTodo', 'Added to do general: zxcasd', NULL),
(789, 27, '2018-03-13 00:06:46', 'log', 'Logged in', NULL),
(790, 27, '2018-03-13 00:06:46', 'urgentTodo', 'Added to do urgent: qweqwewq', NULL),
(791, 27, '2018-03-13 00:31:14', 'log', 'Logged in', NULL),
(792, 27, '2018-03-13 00:31:14', 'urgentTodo', 'Added to do urgent: zxcasd', NULL),
(793, 27, '2018-03-13 00:33:17', 'log', 'Logged in', NULL),
(794, 27, '2018-03-13 00:33:17', 'urgentTodo', 'Added to do urgent: zxcqwae', NULL),
(795, 27, '2018-03-13 00:33:44', 'log', 'Logged in', NULL),
(796, 27, '2018-03-13 00:34:26', 'log', 'Logged in', NULL),
(797, 27, '2018-03-13 00:34:48', 'log', 'Logged in', NULL),
(798, 27, '2018-03-13 00:35:00', 'log', 'Logged in', NULL),
(799, 27, '2018-03-13 20:00:38', 'log', 'Logged in', NULL),
(800, 27, '2018-03-13 20:04:51', 'log', 'Logged in', NULL),
(801, 27, '2018-03-13 20:06:43', 'log', 'Logged in', NULL),
(802, 27, '2018-03-13 20:06:43', 'generalTodo', 'Added to do general: qwe', NULL),
(803, 27, '2018-03-13 20:09:10', 'log', 'Logged in', NULL),
(804, 27, '2018-03-13 20:09:10', 'urgentTodo', 'Added to do urgent: qweasdz', NULL),
(805, 27, '2018-03-15 00:03:00', 'log', 'Logged in', NULL),
(806, 26, '2018-03-15 00:03:00', 'log', 'Logged in', NULL),
(807, 27, '2018-03-15 00:03:00', 'initialAssessment', 'assessment for undefined', 47),
(808, 27, '2018-03-15 00:03:00', 'initialAssessment', 'assessment for undefined', 49),
(809, 27, '2018-03-15 00:03:00', 'initialAssessment', 'assessment for undefined', 50),
(810, 27, '2018-03-15 00:03:00', 'initialAssessment', 'assessment for undefined', 51),
(811, 27, '2018-03-15 00:03:00', 'initialAssessment', 'assessment for undefined', 52),
(812, 27, '2018-03-15 00:03:00', 'initialAssessment', 'assessment for undefined', 53),
(813, 27, '2018-03-15 00:03:00', 'initialAssessment', 'assessment for undefined', 54),
(814, 25, '2018-03-15 20:30:55', 'log', 'Logged in', NULL),
(815, 25, '2018-03-15 20:30:55', 'log', 'Logged out', NULL),
(816, 25, '2018-03-15 20:30:55', 'log', 'Logged in', NULL),
(817, 25, '2018-03-15 20:30:55', 'log', 'Logged out', NULL),
(818, 29, '2018-03-15 20:30:55', 'log', 'Logged in', NULL),
(819, 27, '2018-03-16 19:06:51', 'log', 'Logged in', NULL),
(820, 26, '2018-03-16 19:06:51', 'log', 'Logged in', NULL),
(821, 27, '2018-03-16 19:06:51', 'initialAssessment', 'assessment for undefined', 55),
(822, 27, '2018-03-16 19:06:51', 'initialAssessment', 'assessment for undefined', 56),
(823, 27, '2018-03-16 19:06:51', 'initialAssessment', 'assessment for undefined', 57),
(824, 27, '2018-03-16 19:06:51', 'initialAssessment', 'assessment for undefined', 58),
(825, 27, '2018-03-16 19:06:51', 'initialAssessment', 'assessment for undefined', 59),
(826, 27, '2018-03-16 19:06:51', 'initialAssessment', 'assessment for undefined', 60),
(827, 27, '2018-03-16 19:06:51', 'initialAssessment', 'assessment for undefined', 61),
(828, 27, '2018-03-16 19:06:51', 'initialAssessment', 'assessment for undefined', 62),
(829, 27, '2018-03-16 19:06:51', 'initialAssessment', 'assessment for undefined', 63),
(830, 27, '2018-03-16 19:06:51', 'initialAssessment', 'assessment for undefined', 64),
(831, 27, '2018-03-16 19:06:51', 'initialAssessment', 'assessment for undefined', 65),
(832, 27, '2018-03-16 19:06:51', 'initialAssessment', 'assessment for undefined', 66),
(833, 27, '2018-03-16 19:06:51', 'initialAssessment', 'assessment for undefined', 67),
(834, 27, '2018-03-16 19:06:51', 'initialAssessment', 'assessment for undefined', 68),
(835, 27, '2018-03-16 19:06:51', 'initialAssessment', 'assessment for undefined', 69),
(836, 27, '2018-03-16 19:06:51', 'initialAssessment', 'assessment for undefined', 70),
(837, 27, '2018-03-16 19:06:51', 'log', 'Logged in', NULL),
(838, 26, '2018-03-16 19:06:51', 'log', 'Logged in', NULL),
(839, 27, '2018-03-16 19:06:51', 'initialAssessment', 'assessment for undefined', 71),
(840, 27, '2018-03-16 19:06:51', 'initialAssessment', 'assessment for undefined', 72),
(841, 27, '2018-03-16 19:06:51', 'initialAssessment', 'assessment for undefined', 73),
(842, 27, '2018-03-16 19:06:51', 'initialAssessment', 'assessment for undefined', 74),
(843, 27, '2018-03-16 19:06:51', 'initialAssessment', 'assessment for undefined', 75),
(844, 27, '2018-03-16 19:06:51', 'initialAssessment', 'assessment for undefined', 76),
(845, 27, '2018-03-16 19:06:51', 'initialAssessment', 'assessment for undefined', 77),
(846, 27, '2018-03-16 19:06:51', 'initialAssessment', 'assessment for undefined', 81),
(847, 27, '2018-03-16 19:06:51', 'initialAssessment', 'assessment for undefined', 78),
(848, 27, '2018-03-16 19:06:51', 'initialAssessment', 'assessment for undefined', 79),
(849, 27, '2018-03-16 19:06:51', 'initialAssessment', 'assessment for undefined', 80),
(850, 27, '2018-03-16 20:27:51', 'log', 'Logged in', NULL),
(851, 26, '2018-03-16 20:27:51', 'log', 'Logged in', NULL),
(852, 27, '2018-03-16 20:28:27', 'log', 'Logged in', NULL),
(853, 27, '2018-03-16 20:28:27', 'initialAssessment', 'assessment for undefined', 42),
(854, 26, '2018-03-16 20:28:27', 'log', 'Logged in', NULL),
(855, 27, '2018-03-16 20:28:27', 'initialAssessment', 'assessment for undefined', 43),
(856, 27, '2018-03-16 20:28:27', 'initialAssessment', 'assessment for undefined', 44),
(857, 26, '2018-03-16 20:30:59', 'log', 'Logged in', NULL),
(858, 27, '2018-03-16 20:30:59', 'log', 'Logged in', NULL),
(859, 27, '2018-03-16 20:30:59', 'initialAssessment', 'assessment for undefined', 45),
(860, 27, '2018-03-16 20:30:59', 'initialAssessment', 'assessment for undefined', 46),
(861, 27, '2018-03-16 20:30:59', 'initialAssessment', 'assessment for undefined', 47),
(862, 27, '2018-03-16 20:30:59', 'initialAssessment', 'assessment for undefined', 48),
(863, 27, '2018-03-16 20:30:59', 'initialAssessment', 'assessment for undefined', 49),
(864, 27, '2018-03-16 20:30:59', 'initialAssessment', 'assessment for undefined', 50),
(865, 27, '2018-03-16 20:30:59', 'initialAssessment', 'assessment for undefined', 51),
(866, 27, '2018-03-16 20:30:59', 'initialAssessment', 'assessment for undefined', 52),
(867, 27, '2018-03-16 20:30:59', 'initialAssessment', 'assessment for undefined', 53),
(868, 27, '2018-03-16 20:30:59', 'initialAssessment', 'assessment for undefined', 54),
(869, 27, '2018-03-16 20:30:59', 'initialAssessment', 'assessment for undefined', 55),
(870, 27, '2018-03-16 20:30:59', 'initialAssessment', 'assessment for undefined', 56),
(871, 27, '2018-03-16 20:30:59', 'initialAssessment', 'assessment for undefined', 57),
(872, 27, '2018-03-16 20:30:59', 'initialAssessment', 'assessment for undefined', 58),
(873, 27, '2018-03-16 20:30:59', 'initialAssessment', 'assessment for undefined', 59),
(874, 27, '2018-03-16 20:30:59', 'initialAssessment', 'assessment for undefined', 60),
(875, 27, '2018-03-16 20:30:59', 'initialAssessment', 'assessment for undefined', 61),
(876, 27, '2018-03-16 20:30:59', 'initialAssessment', 'assessment for undefined', 62),
(877, 27, '2018-03-16 20:30:59', 'initialAssessment', 'assessment for undefined', 63),
(878, 27, '2018-03-16 20:30:59', 'initialAssessment', 'assessment for undefined', 64),
(879, 27, '2018-03-16 20:30:59', 'initialAssessment', 'assessment for undefined', 65),
(880, 27, '2018-03-16 20:30:59', 'initialAssessment', 'assessment for undefined', 66),
(881, 27, '2018-03-16 20:30:59', 'initialAssessment', 'assessment for undefined', 42),
(882, 26, '2018-03-16 23:20:14', 'log', 'Logged in', NULL),
(883, 27, '2018-03-16 23:20:14', 'log', 'Logged in', NULL),
(884, 27, '2018-03-16 23:20:14', 'initialAssessment', 'assessment for undefined', 43),
(885, 27, '2018-03-16 23:20:14', 'initialAssessment', 'assessment for undefined', 44),
(886, 27, '2018-03-16 23:20:14', 'initialAssessment', 'assessment for undefined', 45),
(887, 26, '2018-03-16 23:20:14', 'log', 'Logged out', NULL),
(888, 26, '2018-03-16 23:20:14', 'log', 'Logged in', NULL),
(889, 27, '2018-03-16 23:20:14', 'initialAssessment', 'assessment for undefined', 46),
(890, 27, '2018-03-16 23:20:14', 'initialAssessment', 'assessment for undefined', 47),
(891, 27, '2018-03-16 23:20:14', 'initialAssessment', 'assessment for undefined', 48),
(892, 27, '2018-03-16 23:20:14', 'initialAssessment', 'assessment for undefined', 49),
(893, 27, '2018-03-16 23:20:14', 'initialAssessment', 'assessment for undefined', 50),
(894, 27, '2018-03-16 23:20:14', 'initialAssessment', 'assessment for undefined', 51),
(895, 27, '2018-03-16 23:20:14', 'initialAssessment', 'assessment for undefined', 67),
(896, 27, '2018-03-16 23:20:14', 'initialAssessment', 'assessment for undefined', 68),
(897, 27, '2018-03-16 23:20:14', 'initialAssessment', 'assessment for undefined', 69),
(898, 27, '2018-03-16 23:20:14', 'initialAssessment', 'assessment for undefined', 70),
(899, 27, '2018-03-16 23:20:14', 'initialAssessment', 'assessment for undefined', 71),
(900, 27, '2018-03-16 23:20:14', 'initialAssessment', 'assessment for undefined', 72),
(901, 27, '2018-03-16 23:20:14', 'initialAssessment', 'assessment for undefined', 73),
(902, 27, '2018-03-16 23:20:14', 'initialAssessment', 'assessment for undefined', 74),
(903, 27, '2018-03-16 23:20:14', 'initialAssessment', 'assessment for undefined', 75),
(904, 27, '2018-03-16 23:20:14', 'initialAssessment', 'assessment for undefined', 76),
(905, 27, '2018-03-16 23:20:14', 'initialAssessment', 'assessment for undefined', 77),
(906, 27, '2018-03-16 23:20:14', 'initialAssessment', 'assessment for undefined', 78),
(907, 27, '2018-03-16 23:20:14', 'initialAssessment', 'assessment for undefined', 79),
(908, 27, '2018-03-16 23:20:14', 'initialAssessment', 'assessment for undefined', 80),
(909, 27, '2018-03-16 23:20:14', 'initialAssessment', 'assessment for undefined', 81),
(910, 27, '2018-03-16 23:20:14', 'initialAssessment', 'assessment for undefined', 42),
(911, 27, '2018-03-16 23:20:14', 'initialAssessment', 'assessment for undefined', 47),
(912, 27, '2018-03-16 23:20:14', 'initialAssessment', 'assessment for undefined', 43),
(913, 30, '2018-03-19 14:10:15', 'log', 'Logged in', NULL),
(914, 26, '2018-03-19 14:10:15', 'log', 'Logged in', NULL),
(915, 26, '2018-03-19 14:10:15', 'prescription', 'Prescribed a medicine to : ma mon', NULL),
(916, 30, '2018-03-19 14:10:15', 'approvedPrescription', 'Approved prescription for: ma mon', NULL),
(917, 26, '2018-03-19 14:10:15', 'bedDischarge', 'Discharged a patient from bed number : 1', NULL),
(918, 30, '2018-03-19 14:10:15', 'log', 'Logged out', NULL),
(919, 27, '2018-03-19 14:10:15', 'log', 'Logged in', NULL),
(920, 27, '2018-03-19 14:10:15', 'log', 'Logged out', NULL),
(921, 30, '2018-03-19 14:10:15', 'log', 'Logged in', NULL),
(922, 30, '2018-03-19 14:38:47', 'log', 'Logged in', NULL),
(923, 26, '2018-03-19 14:38:47', 'log', 'Logged in', NULL),
(924, 26, '2018-03-19 14:38:47', 'prescription', 'Prescribed a medicine to : sampul sam', NULL),
(925, 27, '2018-03-19 15:26:31', 'log', 'Logged in', NULL),
(926, 26, '2018-03-19 15:26:31', 'log', 'Logged in', NULL),
(927, 30, '2018-03-19 15:26:31', 'log', 'Logged in', NULL),
(928, 27, '2018-03-19 15:26:31', 'initialAssessment', 'assessment for undefined', 44),
(929, 27, '2018-03-19 15:26:31', 'initialAssessment', 'assessment for undefined', 45),
(930, 27, '2018-03-19 15:26:31', 'initialAssessment', 'assessment for undefined', 46),
(931, 27, '2018-03-19 15:26:31', 'initialAssessment', 'assessment for undefined', 48),
(932, 27, '2018-03-19 15:26:31', 'initialAssessment', 'assessment for undefined', 49),
(933, 27, '2018-03-19 15:26:31', 'initialAssessment', 'assessment for undefined', 50),
(934, 27, '2018-03-19 15:26:31', 'initialAssessment', 'assessment for undefined', 51),
(935, 27, '2018-03-19 15:26:31', 'initialAssessment', 'assessment for undefined', 52),
(936, 27, '2018-03-19 15:26:31', 'initialAssessment', 'assessment for undefined', 53),
(937, 27, '2018-03-19 15:26:31', 'initialAssessment', 'assessment for undefined', 54),
(938, 27, '2018-03-19 15:26:31', 'initialAssessment', 'assessment for undefined', 55),
(939, 27, '2018-03-19 15:26:31', 'initialAssessment', 'assessment for undefined', 56),
(940, 27, '2018-03-19 15:26:31', 'initialAssessment', 'assessment for undefined', 57),
(941, 27, '2018-03-19 15:26:31', 'initialAssessment', 'assessment for undefined', 58),
(942, 27, '2018-03-19 15:26:31', 'initialAssessment', 'assessment for undefined', 59),
(943, 27, '2018-03-19 15:26:31', 'initialAssessment', 'assessment for undefined', 60),
(944, 27, '2018-03-19 15:26:31', 'initialAssessment', 'assessment for undefined', 61),
(945, 27, '2018-03-19 15:26:31', 'initialAssessment', 'assessment for undefined', 62),
(946, 27, '2018-03-19 15:26:31', 'initialAssessment', 'assessment for undefined', 63),
(947, 26, '2018-03-19 16:44:25', 'log', 'Logged in', NULL),
(948, 30, '2018-03-19 16:44:25', 'log', 'Logged in', NULL),
(949, 27, '2018-03-19 16:44:25', 'log', 'Logged in', NULL),
(950, 27, '2018-03-19 16:44:25', 'initialAssessment', 'assessment for undefined', 64),
(951, 26, '2018-03-19 16:51:22', 'log', 'Logged in', NULL),
(952, 26, '2018-03-19 16:51:22', 'log', 'Logged in', NULL),
(953, 26, '2018-03-19 16:51:22', 'log', 'Logged out', NULL),
(954, 30, '2018-03-19 16:51:22', 'log', 'Logged in', NULL),
(955, 27, '2018-03-19 16:51:22', 'log', 'Logged in', NULL),
(956, 27, '2018-03-19 16:51:22', 'initialAssessment', 'assessment for undefined', 65),
(957, 27, '2018-03-19 16:51:22', 'initialAssessment', 'assessment for undefined', 66),
(958, 27, '2018-03-19 16:51:22', 'initialAssessment', 'assessment for undefined', 67),
(959, 27, '2018-03-19 16:51:22', 'initialAssessment', 'assessment for undefined', 68),
(960, 26, '2018-03-19 16:51:22', 'prescription', 'Prescribed a medicine to : Pul sam', NULL),
(961, 26, '2018-03-19 17:20:20', 'log', 'Logged in', NULL),
(962, 29, '2018-03-19 17:20:20', 'log', 'Logged in', NULL),
(963, 30, '2018-03-19 17:20:20', 'log', 'Logged in', NULL),
(964, 26, '2018-03-19 17:29:53', 'log', 'Logged in', NULL),
(965, 26, '2018-03-19 17:29:53', 'log', 'Logged in', NULL),
(966, 29, '2018-03-19 17:29:53', 'log', 'Logged in', NULL),
(967, 29, '2018-03-19 17:33:54', 'log', 'Logged in', NULL),
(968, 26, '2018-03-19 17:33:54', 'log', 'Logged in', NULL),
(969, 30, '2018-03-19 17:33:54', 'log', 'Logged in', NULL),
(970, 26, '2018-03-19 17:33:54', 'labRequest', 'Lab request for : sampul sam', NULL),
(971, 26, '2018-03-19 17:33:54', 'prescription', 'Prescribed a medicine to : ma mon', NULL),
(972, 26, '2018-03-19 17:33:54', 'prescription', 'Prescribed a medicine to : sampul sam', NULL),
(973, 30, '2018-03-19 17:36:45', 'log', 'Logged in', NULL),
(974, 26, '2018-03-19 17:36:45', 'log', 'Logged in', NULL),
(975, 29, '2018-03-19 17:36:45', 'log', 'Logged in', NULL),
(976, 26, '2018-03-19 17:36:45', 'prescription', 'Prescribed a medicine to : ma mon', NULL),
(977, 26, '2018-03-19 17:36:45', 'labRequest', 'Lab request for : teeeeeeeeeeed', NULL),
(978, 30, '2018-03-19 18:00:01', 'log', 'Logged in', NULL),
(979, 30, '2018-03-19 18:01:18', 'log', 'Logged in', NULL),
(980, 26, '2018-03-19 18:01:18', 'log', 'Logged in', NULL),
(981, 29, '2018-03-19 18:01:18', 'log', 'Logged in', NULL),
(982, 30, '2018-03-19 18:01:18', 'approvedPrescription', 'Approved prescription for: sampul sam', NULL),
(983, 30, '2018-03-19 18:01:18', 'cancelPrescription', 'Cancelled prescription for: Pul sam', NULL),
(984, 29, '2018-03-19 18:01:18', 'confirmedLabRequest', 'Confirmed lab request for: teeeeeeeeeeed', NULL),
(985, 29, '2018-03-19 18:01:18', 'confirmedLabRequest', 'Confirmed lab request for: sampul sam', NULL),
(986, 30, '2018-03-19 18:04:04', 'log', 'Logged in', NULL),
(987, 26, '2018-03-19 18:04:04', 'log', 'Logged in', NULL),
(988, 29, '2018-03-19 18:04:04', 'log', 'Logged in', NULL),
(989, 29, '2018-03-19 18:04:04', 'confirmedLabRequest', 'Confirmed lab request for: ma mon', NULL),
(990, 26, '2018-03-19 18:04:04', 'prescription', 'Prescribed a medicine to : ma mon', NULL),
(991, 26, '2018-03-19 18:04:04', 'labRequest', 'Lab request for : ma mon', NULL),
(992, 26, '2018-03-19 19:41:11', 'log', 'Logged in', NULL),
(993, 27, '2018-03-19 19:41:11', 'log', 'Logged in', NULL),
(994, 29, '2018-03-19 19:41:11', 'log', 'Logged in', NULL),
(995, 27, '2018-03-19 19:41:11', 'initialAssessment', 'assessment for undefined', 69),
(996, 26, '2018-03-19 19:43:13', 'log', 'Logged in', NULL),
(997, 27, '2018-03-19 19:43:13', 'log', 'Logged in', NULL),
(998, 29, '2018-03-19 19:43:13', 'log', 'Logged in', NULL),
(999, 27, '2018-03-19 19:43:13', 'initialAssessment', 'assessment for undefined', 70),
(1000, 29, '2018-03-19 19:55:52', 'log', 'Logged in', NULL),
(1001, 26, '2018-03-19 19:55:52', 'log', 'Logged in', NULL),
(1002, 27, '2018-03-19 19:55:52', 'log', 'Logged in', NULL),
(1003, 27, '2018-03-19 19:55:52', 'initialAssessment', 'assessment for undefined', 71),
(1004, 27, '2018-03-19 19:55:52', 'log', 'Logged out', NULL),
(1005, 30, '2018-03-19 19:55:52', 'log', 'Logged in', NULL),
(1006, 30, '2018-03-19 19:55:52', 'approvedPrescription', 'Approved prescription for: ma mon', NULL),
(1007, 29, '2018-03-19 20:01:10', 'log', 'Logged in', NULL),
(1008, 26, '2018-03-19 20:01:10', 'log', 'Logged in', NULL),
(1009, 30, '2018-03-19 20:01:10', 'log', 'Logged in', NULL),
(1010, 29, '2018-03-19 20:01:10', 'cancelLabRequest', 'Cancelled lab request for: ma mon', NULL),
(1011, 30, '2018-03-19 20:02:31', 'log', 'Logged in', NULL),
(1012, 26, '2018-03-19 20:02:31', 'log', 'Logged in', NULL),
(1013, 29, '2018-03-19 20:02:31', 'log', 'Logged in', NULL),
(1014, 26, '2018-03-19 20:02:31', 'labRequest', 'Lab request for : ma mon', NULL),
(1015, 29, '2018-03-19 20:04:24', 'log', 'Logged in', NULL),
(1016, 26, '2018-03-19 20:04:24', 'log', 'Logged in', NULL),
(1017, 26, '2018-03-19 20:04:24', 'labRequest', 'Lab request for : ma mon', NULL),
(1018, 26, '2018-03-19 20:06:09', 'log', 'Logged in', NULL),
(1019, 30, '2018-03-19 20:06:09', 'log', 'Logged in', NULL),
(1020, 29, '2018-03-19 20:06:09', 'log', 'Logged in', NULL),
(1021, 26, '2018-03-19 20:06:09', 'labRequest', 'Lab request for : wewe', NULL),
(1022, 26, '2018-03-19 20:06:09', 'prescription', 'Prescribed a medicine to : wewe', NULL),
(1023, 30, '2018-03-19 20:06:09', 'approvedPrescription', 'Approved prescription for: sampul sam', NULL),
(1024, 30, '2018-03-19 20:06:09', 'cancelPrescription', 'Cancelled prescription for: ma mon', NULL),
(1025, 30, '2018-03-19 20:06:09', 'approvedPrescription', 'Approved prescription for: wewe', NULL),
(1026, 29, '2018-03-19 20:06:09', 'cancelLabRequest', 'Cancelled lab request for: wewe', NULL),
(1027, 29, '2018-03-19 20:06:09', 'cancelLabRequest', 'Cancelled lab request for: ma mon', NULL),
(1028, 25, '2018-03-19 22:58:42', 'log', 'Logged in', NULL),
(1029, 27, '2018-03-20 00:08:39', 'log', 'Logged in', NULL),
(1030, 26, '2018-03-20 00:08:39', 'log', 'Logged in', NULL),
(1031, 27, '2018-03-20 00:08:39', 'initialAssessment', 'assessment for undefined', 72),
(1032, 27, '2018-03-20 21:45:28', 'log', 'Logged in', NULL),
(1033, 27, '2018-03-20 21:45:28', 'log', 'Logged out', NULL),
(1034, 29, '2018-03-20 21:45:28', 'log', 'Logged in', NULL),
(1035, 29, '2018-03-20 21:45:28', 'log', 'Logged out', NULL),
(1036, 30, '2018-03-20 21:45:28', 'log', 'Logged in', NULL),
(1037, 25, '2018-03-20 22:02:55', 'log', 'Logged in', NULL),
(1038, 25, '2018-03-20 22:02:55', 'removedUser', 'removed user: qweqwe', NULL),
(1039, 25, '2018-03-20 22:04:23', 'log', 'Logged in', NULL),
(1040, 25, '2018-03-20 22:04:23', 'addUser', 'Added user: asdasd', NULL),
(1041, 27, '2018-03-20 22:58:59', 'log', 'Logged in', NULL),
(1042, 27, '2018-03-20 22:59:07', 'delTodo', 'Deleted data from todo List', NULL),
(1043, 27, '2018-03-20 22:58:59', 'generalTodo', 'Added to do general: qwe', NULL),
(1044, 25, '2018-03-20 23:00:00', 'log', 'Logged in', NULL),
(1045, 25, '2018-03-20 23:00:39', 'log', 'Logged in', NULL),
(1046, 25, '2018-03-20 23:00:39', 'addUser', 'Added user: qwe', NULL),
(1047, 25, '2018-03-20 23:00:39', 'removedUser', 'removed user: qwe', NULL),
(1048, 25, '2018-03-20 23:01:46', 'log', 'Logged in', NULL),
(1049, 25, '2018-03-20 23:01:46', 'addUser', 'Added user: qwe', NULL),
(1050, 25, '2018-03-20 23:01:46', 'removedUser', 'removed user: qwe', NULL),
(1051, 25, '2018-03-20 23:47:00', 'log', 'Logged in', NULL),
(1052, 25, '2018-03-20 23:47:00', 'addUser', 'Added user: qwe', NULL),
(1053, 25, '2018-03-20 23:47:00', 'removedUser', 'removed user: qwe', NULL),
(1054, 25, '2018-03-20 23:47:00', 'log', 'Logged out', NULL),
(1055, 27, '2018-03-20 23:47:00', 'log', 'Logged in', NULL),
(1056, 27, '2018-03-20 23:47:00', 'log', 'Logged out', NULL),
(1057, 27, '2018-02-28 23:59:43', 'log', 'Logged in', NULL),
(1058, 26, '2018-02-28 23:59:43', 'log', 'Logged in', NULL),
(1059, 26, '2018-02-28 23:59:43', 'bedDischarge', 'Discharged a patient from bed number : 2', NULL),
(1060, 27, '2018-02-28 23:59:43', 'log', 'Logged out', NULL),
(1061, 26, '2018-02-28 23:59:43', 'log', 'Logged in', NULL),
(1062, 26, '2018-02-28 23:59:43', 'bedDischarge', 'Discharged a patient from bed number : 5', NULL),
(1063, 26, '2018-02-28 23:59:43', 'log', 'Logged out', NULL),
(1064, 27, '2018-02-28 23:59:43', 'log', 'Logged in', NULL),
(1065, 27, '2018-03-22 22:08:55', 'log', 'Logged in', NULL),
(1066, 27, '2018-03-22 22:08:55', 'log', 'Logged out', NULL),
(1067, 26, '2018-03-22 22:08:55', 'log', 'Logged in', NULL),
(1068, 26, '2018-03-22 22:08:55', 'log', 'Logged out', NULL),
(1069, 29, '2018-03-22 22:08:55', 'log', 'Logged in', NULL),
(1070, 29, '2018-03-22 22:08:55', 'cancelLabRequest', 'Cancelled lab request for: ma mon', NULL),
(1071, 29, '2018-03-22 22:08:55', 'log', 'Logged out', NULL),
(1072, 25, '2018-03-22 22:08:55', 'log', 'Logged in', NULL),
(1073, 25, '2018-03-22 22:08:55', 'log', 'Logged out', NULL),
(1074, 30, '2018-03-22 22:08:55', 'log', 'Logged in', NULL),
(1075, 30, '2018-03-22 22:08:55', 'cancelPrescription', 'Cancelled prescription for: ma mon', NULL),
(1076, 27, '2018-03-23 01:29:20', 'log', 'Logged in', NULL),
(1077, 27, '2018-03-23 01:29:20', 'log', 'Logged out', NULL),
(1078, 26, '2018-03-23 01:29:20', 'log', 'Logged in', NULL),
(1079, 26, '2018-03-23 01:29:20', 'bedDischarge', 'Discharged a patient from bed number : 25', NULL),
(1080, 26, '2018-03-23 01:29:20', 'bed', 'Alloted bed number: 1 to patient:ma mon', 42),
(1081, 26, '2018-03-23 01:29:20', 'bed', 'Alloted bed number: 2 to patient:HUEHUE', 72),
(1082, 26, '2018-03-23 01:29:20', 'bed', 'Alloted bed number: 3 to patient:wewe', 71),
(1083, 26, '2018-03-23 01:29:20', 'bed', 'Alloted bed number: 4 to patient:lowkey', 70),
(1084, 26, '2018-03-23 01:29:20', 'bed', 'Alloted bed number: 5 to patient:magellaaaaaaaaaaaaaaaan', 69),
(1085, 27, '2018-03-23 01:35:30', 'log', 'Logged in', NULL),
(1086, 27, '2018-03-23 01:37:10', 'log', 'Logged in', NULL),
(1087, 27, '2018-03-23 01:37:10', 'bedDischarge', 'Discharged a patient from bed number : 2', NULL),
(1088, 27, '2018-03-23 01:37:10', 'bedDischarge', 'Discharged a patient from bed number : 3', NULL),
(1089, 27, '2018-03-23 21:58:51', 'log', 'Logged in', NULL),
(1090, 27, '2018-03-23 21:58:51', 'log', 'Logged out', NULL),
(1091, 26, '2018-03-23 21:58:51', 'log', 'Logged in', NULL),
(1092, 26, '2018-03-23 21:58:51', 'log', 'Logged out', NULL),
(1093, 27, '2018-03-23 21:58:51', 'log', 'Logged in', NULL),
(1094, 27, '2018-03-23 22:18:25', 'log', 'Logged in', NULL),
(1095, 27, '2018-03-23 22:18:25', 'initialAssessment', 'assessment for undefined', 42),
(1096, 27, '2018-03-23 22:18:25', 'log', 'Logged out', NULL),
(1097, 26, '2018-03-23 22:18:25', 'log', 'Logged in', NULL),
(1098, 27, '2018-03-23 23:48:27', 'log', 'Logged in', NULL),
(1099, 27, '2018-03-23 23:49:16', 'log', 'Logged in', NULL),
(1100, 27, '2018-03-23 23:50:56', 'log', 'Logged in', NULL),
(1101, 27, '2018-03-23 23:52:29', 'log', 'Logged in', NULL),
(1102, 27, '2018-03-23 23:53:26', 'log', 'Logged in', NULL),
(1103, 27, '2018-03-23 23:56:03', 'log', 'Logged in', NULL),
(1104, 27, '2018-03-23 23:57:41', 'log', 'Logged in', NULL),
(1105, 27, '2018-03-23 23:58:48', 'log', 'Logged in', NULL),
(1106, 27, '2018-03-24 00:00:05', 'log', 'Logged in', NULL),
(1107, 27, '2018-03-24 00:00:18', 'initialAssessment', 'assessment for undefined', 42),
(1108, 26, '2018-03-24 00:04:45', 'log', 'Logged in', NULL),
(1109, 26, '2018-03-24 00:06:14', 'log', 'Logged in', NULL),
(1110, 26, '2018-03-24 00:07:43', 'log', 'Logged in', NULL),
(1111, 27, '2018-03-24 00:09:09', 'log', 'Logged in', NULL),
(1112, 27, '2018-03-24 00:09:09', 'log', 'Logged out', NULL),
(1113, 26, '2018-03-24 00:09:09', 'log', 'Logged in', NULL),
(1114, 26, '2018-03-24 00:09:49', 'log', 'Logged in', NULL),
(1115, 26, '2018-03-24 00:12:17', 'log', 'Logged in', NULL),
(1116, 26, '2018-03-24 00:12:17', 'bedDischarge', 'Discharged a patient from bed number : 1', NULL),
(1117, 26, '2018-03-24 00:12:41', 'bed', 'Alloted bed number: 1 to patient:ma mon', 42),
(1118, 26, '2018-03-24 00:12:17', 'bedDischarge', 'Discharged a patient from bed number : 1', NULL),
(1119, 26, '2018-03-24 00:14:53', 'log', 'Logged in', NULL),
(1120, 26, '2018-03-24 00:15:04', 'bed', 'Alloted bed number: 1 to patient:ma mon', 42),
(1121, 26, '2018-03-24 00:16:24', 'log', 'Logged in', NULL),
(1122, 26, '2018-03-24 00:16:24', 'bedDischarge', 'Discharged a patient from bed number : 1', NULL),
(1123, 26, '2018-03-24 00:16:41', 'bed', 'Alloted bed number: 2 to patient:ma mon', 42),
(1124, 26, '2018-03-24 00:16:24', 'bedDischarge', 'Discharged a patient from bed number : 2', NULL),
(1125, 26, '2018-03-24 00:17:11', 'bed', 'Alloted bed number: 1 to patient:ma mon', 42),
(1126, 26, '2018-03-24 00:16:24', 'bedDischarge', 'Discharged a patient from bed number : 1', NULL),
(1127, 26, '2018-03-24 00:17:24', 'bed', 'Alloted bed number: 6 to patient:ma mon', 42),
(1128, 26, '2018-03-24 00:25:51', 'log', 'Logged in', NULL),
(1129, 26, '2018-03-24 00:26:23', 'prescription', 'Prescribed a medicine to : ma mon', NULL),
(1130, 26, '2018-03-24 00:30:54', 'log', 'Logged in', NULL),
(1131, 26, '2018-03-24 00:31:21', 'prescription', 'Prescribed a medicine to : ma mon', NULL),
(1132, 26, '2018-03-24 00:33:01', 'log', 'Logged in', NULL),
(1133, 26, '2018-03-24 00:33:24', 'prescription', 'Prescribed a medicine to : ma mon', NULL),
(1134, 26, '2018-03-24 00:33:56', 'log', 'Logged in', NULL),
(1135, 26, '2018-03-24 00:35:17', 'log', 'Logged in', NULL),
(1136, 26, '2018-03-24 00:35:32', 'prescription', 'Prescribed a medicine to : ma mon', NULL),
(1137, 26, '2018-03-24 00:39:23', 'log', 'Logged in', NULL),
(1138, 26, '2018-03-24 00:39:53', 'prescription', 'Prescribed a medicine to : ma mon', NULL),
(1139, 26, '2018-03-24 00:40:20', 'prescription', 'Prescribed a medicine to : ma mon', NULL),
(1140, 26, '2018-03-24 00:39:23', 'log', 'Logged out', NULL),
(1141, 27, '2018-03-24 00:39:23', 'log', 'Logged in', NULL),
(1142, 27, '2018-03-24 00:49:06', 'initialAssessment', 'assessment for undefined', 43),
(1143, 27, '2018-03-24 00:39:23', 'log', 'Logged out', NULL),
(1144, 26, '2018-03-24 00:39:23', 'log', 'Logged in', NULL),
(1145, 27, '2018-03-26 14:04:58', 'log', 'Logged in', NULL),
(1146, 27, '2018-03-26 14:04:58', 'log', 'Logged in', NULL),
(1147, 27, '2018-03-26 15:19:43', 'log', 'Logged in', NULL),
(1148, 27, '2018-03-26 15:19:43', 'log', 'Logged out', NULL),
(1149, 26, '2018-03-26 15:19:43', 'log', 'Logged in', NULL),
(1150, 26, '2018-03-26 15:24:47', 'log', 'Logged in', NULL),
(1151, 26, '2018-03-26 15:33:48', 'log', 'Logged in', NULL),
(1152, 26, '2018-03-26 15:55:19', 'log', 'Logged in', NULL),
(1153, 26, '2018-03-26 15:55:19', 'bedDischarge', 'Discharged a patient from bed number : 4', NULL),
(1154, 26, '2018-03-26 15:55:19', 'bedDischarge', 'Discharged a patient from bed number : 5', NULL),
(1155, 26, '2018-03-26 16:20:52', 'log', 'Logged in', NULL),
(1156, 26, '2018-03-26 16:24:04', 'log', 'Logged in', NULL),
(1157, 26, '2018-03-26 16:24:22', 'bedDischarge', 'Discharged a patient from bed number : 6', NULL),
(1158, 26, '2018-03-26 16:24:25', 'bedDischarge', 'Discharged a patient from bed number : 6', NULL),
(1159, 26, '2018-03-26 16:24:26', 'bedDischarge', 'Discharged a patient from bed number : 6', NULL),
(1160, 26, '2018-03-26 16:24:27', 'bedDischarge', 'Discharged a patient from bed number : 6', NULL),
(1161, 26, '2018-03-26 16:24:27', 'bedDischarge', 'Discharged a patient from bed number : 6', NULL),
(1162, 26, '2018-03-26 16:26:35', 'log', 'Logged in', NULL),
(1163, 26, '2018-03-26 16:26:44', 'bedDischarge', 'Discharged a patient from bed number : 6', NULL),
(1164, 26, '2018-03-26 16:33:37', 'log', 'Logged in', NULL),
(1165, 26, '2018-03-26 16:33:47', 'bedDischarge', 'Discharged a patient from bed number : 6', 42),
(1166, 26, '2018-03-26 16:33:37', 'settingsProfileManagement', 'Edited personal info.', NULL),
(1167, 26, '2018-03-26 16:33:37', 'settingsProfileManagement', 'Edited personal info.', NULL),
(1168, 26, '2018-03-26 16:33:37', 'settingsProfileManagement', 'Edited personal info.', NULL),
(1169, 26, '2018-03-26 16:33:37', 'settingsProfileManagement', 'Edited personal info.', NULL),
(1170, 26, '2018-03-26 17:25:45', 'bed', 'Alloted bed number: 1 to patient:sampul sam', 43),
(1171, 26, '2018-03-26 17:25:56', 'bedDischarge', 'Discharged a patient from bed number : 1', 43),
(1172, 26, '2018-03-26 17:39:24', 'log', 'Logged in', NULL),
(1173, 25, '2018-03-26 17:39:46', 'log', 'Logged in', NULL),
(1174, 25, '2018-03-26 17:39:46', 'log', 'Logged out', NULL),
(1175, 25, '2018-03-26 17:44:12', 'log', 'Logged in', NULL),
(1176, 25, '2018-03-26 17:44:12', 'addUser', 'Added user: Dr. quacky', NULL),
(1177, 25, '2018-03-26 17:44:12', 'log', 'Logged out', NULL),
(1178, 25, '2018-03-26 17:44:12', 'log', 'Logged in', NULL),
(1179, 25, '2018-03-26 17:44:12', 'addUser', 'Added user: qweasd', NULL),
(1180, 25, '2018-03-26 17:44:12', 'log', 'Logged out', NULL),
(1181, 35, '2018-03-26 17:44:12', 'log', 'Logged in', NULL),
(1182, 35, '2018-03-26 17:44:12', 'log', 'Logged out', NULL),
(1183, 27, '2018-03-26 17:44:12', 'log', 'Logged in', NULL),
(1184, 27, '2018-03-26 17:44:12', 'log', 'Logged out', NULL),
(1185, 25, '2018-03-26 17:44:12', 'log', 'Logged in', NULL),
(1186, 25, '2018-03-26 17:44:12', 'addUser', 'Added user: Dr. Quackyy', NULL),
(1187, 25, '2018-03-26 17:44:12', 'log', 'Logged out', NULL),
(1188, 36, '2018-03-26 17:44:12', 'log', 'Logged in', NULL),
(1189, 36, '2018-03-26 17:44:12', 'log', 'Logged out', NULL),
(1190, 26, '2018-03-26 17:44:12', 'log', 'Logged in', NULL),
(1191, 36, '2018-03-26 17:54:24', 'log', 'Logged in', NULL),
(1192, 36, '2018-03-26 17:55:00', 'log', 'Logged in', NULL),
(1193, 36, '2018-03-26 17:55:00', 'settingsProfileManagement', 'Edited personal info.', NULL),
(1194, 36, '2018-03-26 17:55:00', 'log', 'Logged out', NULL),
(1195, 36, '2018-03-26 17:55:00', 'log', 'Logged in', NULL),
(1196, 26, '2018-03-26 18:00:50', 'log', 'Logged in', NULL),
(1197, 26, '2018-03-26 18:01:49', 'log', 'Logged in', NULL),
(1198, 26, '2018-03-26 18:01:49', 'settingsProfileManagement', 'Edited personal info.', NULL),
(1199, 26, '2018-03-26 18:01:49', 'settingsProfileManagement', 'Edited personal info.', NULL),
(1200, 26, '2018-03-26 18:04:37', 'log', 'Logged in', NULL),
(1201, 26, '2018-03-26 18:04:37', 'settingsProfileManagement', 'Edited personal info.', NULL),
(1202, 26, '2018-03-26 18:04:37', 'log', 'Logged out', NULL),
(1203, 26, '2018-03-26 18:04:37', 'log', 'Logged in', NULL),
(1204, 26, '2018-03-26 18:04:37', 'log', 'Logged out', NULL),
(1205, 26, '2018-03-26 18:04:37', 'log', 'Logged in', NULL),
(1206, 26, '2018-03-26 18:04:37', 'settingsProfileManagement', 'Edited personal info.', NULL),
(1207, 26, '2018-03-26 18:06:29', 'log', 'Logged in', NULL),
(1208, 26, '2018-03-26 18:06:29', 'log', 'Logged out', NULL),
(1209, 26, '2018-03-26 18:06:29', 'log', 'Logged in', NULL),
(1210, 26, '2018-03-26 18:06:29', 'settingsProfileManagement', 'Edited personal info.', NULL),
(1211, 27, '2018-03-26 18:24:47', 'log', 'Logged in', NULL),
(1212, 27, '2018-03-26 18:24:47', 'log', 'Logged out', NULL),
(1213, 25, '2018-03-26 18:24:47', 'log', 'Logged in', NULL),
(1214, 25, '2018-03-26 18:24:47', 'removedUser', 'removed user: Dr. Quackyy', NULL),
(1215, 25, '2018-03-26 18:24:47', 'removedUser', 'removed user: qweasd', NULL),
(1216, 25, '2018-03-26 18:24:47', 'removedUser', 'removed user: Dr. quacky', NULL),
(1217, 25, '2018-03-26 18:24:47', 'removedUser', 'removed user: asdasd', NULL),
(1218, 25, '2018-03-26 18:24:47', 'removedUser', 'removed user: qwe', NULL),
(1219, 25, '2018-03-26 18:35:02', 'log', 'Logged in', NULL),
(1220, 25, '2018-03-26 18:36:30', 'log', 'Logged in', NULL),
(1221, 25, '2018-03-26 18:36:59', 'log', 'Logged in', NULL),
(1222, 25, '2018-03-26 18:38:24', 'log', 'Logged in', NULL),
(1223, 25, '2018-03-26 18:38:24', 'addUser', 'Added user: doctor1', NULL),
(1224, 25, '2018-03-26 18:38:24', 'log', 'Logged out', NULL),
(1225, 26, '2018-03-26 18:38:24', 'log', 'Logged in', NULL),
(1226, 25, '2018-03-26 19:34:34', 'log', 'Logged in', NULL),
(1227, 25, '2018-03-26 19:34:34', 'log', 'Logged out', NULL),
(1228, 37, '2018-03-26 19:34:34', 'log', 'Logged in', NULL),
(1229, 37, '2018-03-26 19:34:34', 'log', 'Logged out', NULL),
(1230, 27, '2018-03-26 19:34:34', 'log', 'Logged in', NULL),
(1231, 27, '2018-03-26 19:34:34', 'log', 'Logged out', NULL),
(1232, 26, '2018-03-26 19:34:34', 'log', 'Logged in', NULL),
(1233, 26, '2018-03-26 19:34:34', 'log', 'Logged out', NULL),
(1234, 27, '2018-03-26 19:59:16', 'log', 'Logged in', NULL),
(1235, 27, '2018-03-26 20:06:19', 'log', 'Logged in', NULL),
(1236, 27, '2018-03-26 20:06:19', 'log', 'Logged out', NULL),
(1237, 26, '2018-03-26 20:06:19', 'log', 'Logged in', NULL),
(1238, 26, '2018-03-26 20:06:19', 'log', 'Logged out', NULL),
(1239, 27, '2018-03-26 20:07:23', 'log', 'Logged in', NULL),
(1240, 26, '2018-03-26 20:08:52', 'log', 'Logged in', NULL),
(1241, 26, '2018-03-26 20:08:52', 'log', 'Logged out', NULL),
(1242, 27, '2018-03-26 20:08:52', 'log', 'Logged in', NULL),
(1243, 27, '2018-03-26 20:08:52', 'log', 'Logged out', NULL),
(1244, 26, '2018-03-26 20:08:52', 'log', 'Logged in', NULL),
(1245, 27, '2018-03-26 20:11:39', 'log', 'Logged in', NULL),
(1246, 27, '2018-03-26 20:13:36', 'log', 'Logged in', NULL),
(1247, 27, '2018-03-26 20:13:36', 'log', 'Logged out', NULL),
(1248, 26, '2018-03-26 20:13:36', 'log', 'Logged in', NULL),
(1249, 26, '2018-03-26 20:13:36', 'log', 'Logged out', NULL),
(1250, 27, '2018-03-26 20:13:36', 'log', 'Logged in', NULL),
(1251, 27, '2018-03-26 21:13:49', 'log', 'Logged in', NULL),
(1252, 27, '2018-03-26 21:13:58', 'initialAssessment', 'assessment for undefined', 42),
(1253, 26, '2018-03-26 21:18:16', 'log', 'Logged in', NULL),
(1254, 26, '2018-03-26 21:18:40', 'log', 'Logged in', NULL),
(1255, 26, '2018-03-26 21:19:18', 'log', 'Logged in', NULL),
(1256, 26, '2018-03-26 21:25:03', 'log', 'Logged in', NULL),
(1257, 26, '2018-03-26 21:32:56', 'log', 'Logged in', NULL),
(1258, 26, '2018-03-26 21:36:19', 'log', 'Logged in', NULL),
(1259, 26, '2018-03-26 21:37:04', 'log', 'Logged in', NULL),
(1260, 26, '2018-03-26 21:37:29', 'log', 'Logged in', NULL),
(1261, 26, '2018-03-26 21:37:41', 'log', 'Logged in', NULL),
(1262, 26, '2018-03-26 21:37:41', 'log', 'Logged out', NULL),
(1263, 26, '2018-03-26 21:37:41', 'log', 'Logged in', NULL),
(1264, 26, '2018-03-26 21:37:41', 'log', 'Logged out', NULL),
(1265, 27, '2018-03-26 21:37:41', 'log', 'Logged in', NULL),
(1266, 27, '2018-03-26 21:38:24', 'initialAssessment', 'assessment for undefined', 42),
(1267, 27, '2018-03-26 21:38:30', 'initialAssessment', 'assessment for undefined', 43),
(1268, 27, '2018-03-26 21:37:41', 'log', 'Logged out', NULL),
(1269, 26, '2018-03-26 21:37:41', 'log', 'Logged in', NULL),
(1270, 26, '2018-03-26 21:37:41', 'log', 'Logged in', NULL),
(1271, 26, '2018-03-26 23:16:40', 'log', 'Logged in', NULL),
(1272, 26, '2018-03-26 23:18:57', 'log', 'Logged in', NULL),
(1273, 26, '2018-03-26 23:19:13', 'diagnosis', 'diagnosis for : ma mon', NULL),
(1274, 26, '2018-03-26 23:41:52', 'diagnosis', 'diagnosis for : ma mon', NULL),
(1275, 26, '2018-03-26 23:42:33', 'diagnosis', 'diagnosis for : ma mon', NULL),
(1276, 26, '2018-03-26 23:42:43', 'diagnosis', 'diagnosis for : ma mon', NULL),
(1277, 26, '2018-03-26 23:47:18', 'log', 'Logged in', NULL),
(1278, 26, '2018-03-26 23:48:35', 'log', 'Logged in', NULL),
(1279, 26, '2018-03-26 23:48:46', 'diagnosis', 'diagnosis for : ma mon', NULL),
(1280, 26, '2018-03-26 23:48:50', 'diagnosis', 'diagnosis for : ma mon', NULL),
(1281, 26, '2018-03-26 23:48:54', 'diagnosis', 'diagnosis for : ma mon', NULL),
(1282, 26, '2018-03-26 23:51:12', 'diagnosis', 'diagnosis for : ma mon', NULL),
(1283, 26, '2018-03-26 23:51:15', 'diagnosis', 'diagnosis for : ma mon', NULL),
(1284, 26, '2018-03-26 23:51:18', 'diagnosis', 'diagnosis for : ma mon', NULL),
(1285, 26, '2018-03-26 23:51:37', 'diagnosis', 'diagnosis for : ma mon', NULL),
(1286, 26, '2018-03-26 23:51:54', 'diagnosis', 'diagnosis for : ma mon', NULL),
(1287, 26, '2018-03-26 23:51:58', 'diagnosis', 'diagnosis for : ma mon', NULL),
(1288, 26, '2018-03-26 23:52:10', 'diagnosis', 'diagnosis for : ma mon', NULL),
(1289, 26, '2018-03-26 23:56:00', 'diagnosis', 'diagnosis for : ma mon', NULL),
(1290, 26, '2018-03-26 23:56:03', 'diagnosis', 'diagnosis for : ma mon', NULL),
(1291, 26, '2018-03-26 23:56:05', 'diagnosis', 'diagnosis for : ma mon', NULL),
(1292, 26, '2018-03-26 23:59:03', 'diagnosis', 'diagnosis for : ma mon', NULL),
(1293, 26, '2018-03-26 23:59:06', 'diagnosis', 'diagnosis for : ma mon', NULL),
(1294, 27, '2018-03-26 23:48:35', 'log', 'Logged in', NULL),
(1295, 27, '2018-03-27 00:00:02', 'initialAssessment', 'assessment for undefined', 42),
(1296, 26, '2018-03-27 00:07:32', 'bed', 'Alloted bed number: 1 to patient:ma mon', 42),
(1297, 26, '2018-03-27 00:10:06', 'log', 'Logged in', NULL),
(1298, 26, '2018-03-27 00:10:35', 'log', 'Logged in', NULL),
(1299, 26, '2018-03-27 00:14:15', 'log', 'Logged in', NULL),
(1300, 26, '2018-03-27 00:24:49', 'bed', 'Alloted bed number: 2 to patient:ma mon', 42),
(1301, 26, '2018-03-27 00:56:10', 'bedDischarge', 'Discharged a patient from bed number : 1', 42),
(1302, 26, '2018-03-27 00:56:11', 'bedDischarge', 'Discharged a patient from bed number : 2', 42),
(1303, 27, '2018-03-27 00:14:15', 'log', 'Logged in', NULL),
(1304, 27, '2018-03-27 01:04:59', 'initialAssessment', 'assessment for undefined', 43),
(1305, 26, '2018-03-27 01:07:51', 'log', 'Logged in', NULL),
(1306, 26, '2018-03-27 01:07:51', 'log', 'Logged out', NULL),
(1307, 27, '2018-03-27 01:07:51', 'log', 'Logged in', NULL),
(1308, 27, '2018-03-27 01:10:55', 'initialAssessment', 'assessment for undefined', 42),
(1309, 27, '2018-03-27 01:07:51', 'log', 'Logged out', NULL),
(1310, 26, '2018-03-27 01:07:51', 'log', 'Logged in', NULL),
(1311, 26, '2018-03-27 01:11:17', 'prescription', 'Prescribed a medicine to : ma mon', NULL),
(1312, 26, '2018-03-27 01:12:11', 'prescription', 'Prescribed a medicine to : ma mon', NULL),
(1313, 26, '2018-03-27 01:16:33', 'log', 'Logged in', NULL),
(1314, 26, '2018-03-27 23:03:37', 'log', 'Logged in', NULL),
(1315, 26, '2018-03-27 23:16:08', 'log', 'Logged in', NULL),
(1316, 27, '2018-03-27 23:16:08', 'log', 'Logged in', NULL),
(1317, 27, '2018-03-27 23:16:39', 'initialAssessment', 'assessment for undefined', 42),
(1318, 26, '2018-03-27 23:17:13', 'bed', 'Alloted bed number: 1 to patient:ma mon', 42),
(1319, 26, '2018-03-27 23:17:24', 'bedDischarge', 'Discharged a patient from bed number : 1', 42),
(1320, 26, '2018-03-27 23:23:17', 'log', 'Logged in', NULL),
(1321, 26, '2018-03-27 23:27:48', 'bed', 'Alloted bed number: 1 to patient:ma mon', 42),
(1322, 26, '2018-03-27 23:29:37', 'bedDischarge', 'Discharged a patient from bed number : 1', 42),
(1323, 26, '2018-03-27 23:33:54', 'bed', 'Alloted bed number: 1 to patient:ma mon', 42),
(1324, 26, '2018-03-27 23:33:57', 'bedDischarge', 'Discharged a patient from bed number : 1', 42),
(1325, 26, '2018-03-27 23:34:03', 'diagnosis', 'diagnosis for : ma mon', NULL),
(1326, 26, '2018-03-27 23:34:11', 'diagnosis', 'diagnosis for : ma mon', NULL),
(1327, 26, '2018-03-27 23:34:15', 'diagnosis', 'diagnosis for : ma mon', NULL),
(1328, 26, '2018-03-27 23:36:29', 'prescription', 'Prescribed a medicine to : ma mon', NULL),
(1329, 30, '2018-03-27 23:23:17', 'log', 'Logged in', NULL),
(1330, 26, '2018-03-28 00:01:52', 'log', 'Logged in', NULL),
(1331, 26, '2018-03-28 00:33:41', 'log', 'Logged in', NULL),
(1332, 26, '2018-03-28 00:33:48', 'bed', 'Alloted bed number: 1 to patient:ma mon', 42),
(1333, 26, '2018-03-28 00:33:58', 'log', 'Logged out', NULL),
(1334, 30, '2018-03-28 00:34:01', 'log', 'Logged in', NULL),
(1335, 30, '2018-03-28 00:34:06', 'approvedPrescription', 'Approved prescription for: ma mon', NULL),
(1336, 30, '2018-03-28 00:34:12', 'log', 'Logged out', NULL),
(1337, 26, '2018-03-28 00:35:26', 'log', 'Logged in', NULL),
(1338, 26, '2018-03-28 00:35:43', 'prescription', 'Prescribed a medicine to : ma mon', NULL),
(1339, 26, '2018-03-28 00:39:02', 'log', 'Logged out', NULL),
(1340, 29, '2018-03-28 00:39:04', 'log', 'Logged in', NULL),
(1341, 29, '2018-03-28 00:44:41', 'log', 'Logged out', NULL),
(1342, 26, '2018-03-28 00:44:44', 'log', 'Logged in', NULL),
(1343, 26, '2018-03-28 00:44:48', 'labRequest', 'Lab request for : ma mon', NULL),
(1344, 26, '2018-03-28 00:44:53', 'labRequest', 'Lab request for : ma mon', NULL),
(1345, 26, '2018-03-28 00:45:20', 'cancelLabRequest', 'Canceled lab request for: ma mon', NULL),
(1346, 26, '2018-03-28 00:45:21', 'cancelLabRequest', 'Canceled lab request for: ma mon', NULL),
(1347, 26, '2018-03-28 00:45:44', 'log', 'Logged in', NULL),
(1348, 26, '2018-03-28 00:45:50', 'cancelPrescription', 'Canceled prescription for: ma mon', NULL),
(1349, 26, '2018-03-28 00:45:51', 'cancelPrescription', 'Canceled prescription for: ma mon', NULL),
(1350, 26, '2018-03-28 00:46:03', 'prescription', 'Prescribed a medicine to : ma mon', NULL),
(1351, 26, '2018-03-28 00:46:09', 'cancelPrescription', 'Canceled prescription for: ma mon', NULL),
(1352, 26, '2018-03-28 00:46:59', 'bedDischarge', 'Discharged a patient from bed number : 1', 42),
(1353, 26, '2018-03-28 00:47:31', 'bed', 'Alloted bed number: 2 to patient:ma mon', 42),
(1354, 26, '2018-03-28 00:48:00', 'bedDischarge', 'Discharged a patient from bed number : 2', 42),
(1355, 26, '2018-03-28 00:48:07', 'bed', 'Alloted bed number: 20 to patient:ma mon', 42),
(1356, 27, '2018-03-28 20:50:43', 'log', 'Logged in', NULL),
(1357, 27, '2018-03-28 20:50:53', 'log', 'Logged out', NULL),
(1358, 26, '2018-03-28 20:50:56', 'log', 'Logged in', NULL),
(1359, 26, '2018-03-28 20:51:03', 'bedDischarge', 'Discharged a patient from bed number : 20', 42),
(1360, 26, '2018-03-28 20:51:08', 'bed', 'Alloted bed number: 1 to patient:ma mon', 42),
(1361, 26, '2018-03-28 22:11:39', 'log', 'Logged in', NULL),
(1362, 26, '2018-03-28 22:13:11', 'log', 'Logged out', NULL),
(1363, 27, '2018-03-28 22:13:14', 'log', 'Logged in', NULL),
(1364, 27, '2018-03-28 22:13:20', 'log', 'Logged in', NULL),
(1365, 27, '2018-03-28 22:13:28', 'log', 'Logged out', NULL),
(1366, 26, '2018-03-28 22:13:32', 'log', 'Logged in', NULL),
(1367, 26, '2018-03-28 22:17:04', 'log', 'Logged in', NULL),
(1368, 27, '2018-03-28 22:17:06', 'log', 'Logged in', NULL),
(1369, 27, '2018-03-28 22:19:24', 'log', 'Logged in', NULL),
(1370, 26, '2018-03-28 22:19:27', 'log', 'Logged in', NULL),
(1371, 27, '2018-03-28 22:20:38', 'er', 'ER for ma mon', 42),
(1372, 27, '2018-03-28 22:23:10', 'log', 'Logged in', NULL),
(1373, 26, '2018-03-28 22:23:14', 'log', 'Logged in', NULL),
(1374, 27, '2018-03-28 22:23:16', 'er', 'ER for sampul sam', 43),
(1375, 27, '2018-03-28 22:31:46', 'log', 'Logged in', NULL),
(1376, 27, '2018-03-28 22:32:17', 'log', 'Logged in', NULL),
(1377, 27, '2018-03-28 22:33:38', 'log', 'Logged in', NULL),
(1378, 27, '2018-03-28 22:33:45', 'initialAssessment', 'assessment for undefined', 45),
(1379, 27, '2018-03-28 22:38:08', 'log', 'Logged in', NULL),
(1380, 27, '2018-03-28 22:39:04', 'log', 'Logged in', NULL),
(1381, 27, '2018-03-28 22:39:06', 'er', 'ER for rweewasqews', 47),
(1382, 27, '2018-03-28 22:39:16', 'log', 'Logged out', NULL),
(1383, 26, '2018-03-28 22:39:18', 'log', 'Logged in', NULL),
(1384, 26, '2018-03-28 22:39:24', 'bed', 'Alloted bed number: 5 to patient:Pul sam', 44),
(1385, 26, '2018-03-28 22:39:36', 'bedDischarge', 'Discharged a patient from bed number : 4', 47),
(1386, 26, '2018-03-28 22:39:40', 'bed', 'Alloted bed number: 6 to patient:rweewasqews', 47),
(1387, 27, '2018-03-28 22:45:21', 'log', 'Logged in', NULL),
(1388, 27, '2018-03-01 00:04:43', 'log', 'Logged in', NULL),
(1389, 29, '2018-03-28 23:22:26', 'log', 'Logged in', NULL),
(1390, 29, '2018-03-28 23:22:42', 'log', 'Logged out', NULL),
(1391, 30, '2018-03-28 23:22:52', 'log', 'Logged in', NULL),
(1392, 30, '2018-03-28 23:23:13', 'cancelPrescription', 'Cancelled prescription for: sampul sam', NULL),
(1393, 30, '2018-03-28 23:29:16', 'log', 'Logged out', NULL),
(1394, 29, '2018-03-28 23:29:20', 'log', 'Logged in', NULL),
(1395, 26, '2018-03-29 11:25:09', 'log', 'Logged in', NULL),
(1396, 26, '2018-03-29 11:25:19', 'bedDischarge', 'Discharged a patient from bed number : 6', 47),
(1397, 26, '2018-03-29 11:25:25', 'bedDischarge', 'Discharged a patient from bed number : 5', 44),
(1398, 26, '2018-03-29 11:25:51', 'bed', 'Alloted bed number: 2 to patient:Pul sam', 44),
(1399, 26, '2018-03-29 11:25:58', 'bed', 'Alloted bed number: 2 to patient:rweewasqews', 47),
(1400, 26, '2018-03-29 11:26:13', 'diagnosis', 'diagnosis for : ma mon', NULL),
(1401, 26, '2018-03-29 11:26:22', 'diagnosis', 'diagnosis for : Paul Je', NULL),
(1402, 26, '2018-03-29 11:26:28', 'diagnosis', 'diagnosis for : Paul Je', NULL),
(1403, 26, '2018-03-29 11:26:33', 'diagnosis', 'diagnosis for : Paul Je', NULL),
(1404, 26, '2018-03-29 11:40:58', 'log', 'Logged in', NULL),
(1405, 26, '2018-03-29 11:44:35', 'log', 'Logged out', NULL),
(1406, 26, '2018-03-29 11:44:42', 'log', 'Logged in', NULL),
(1407, 26, '2018-03-29 11:44:54', 'log', 'Logged out', NULL),
(1408, 26, '2018-03-29 11:45:16', 'log', 'Logged in', NULL),
(1409, 26, '2018-03-29 11:45:32', 'bed', 'Alloted bed number: 1 to patient:Ikaw Na Nga', 45),
(1410, 27, '2018-03-29 11:45:57', 'log', 'Logged in', NULL),
(1411, 26, '2018-03-29 11:46:36', 'log', 'Logged in', NULL),
(1412, 27, '2018-03-29 11:51:30', 'log', 'Logged in', NULL),
(1413, 26, '2018-03-29 11:51:41', 'log', 'Logged in', NULL),
(1414, 27, '2018-03-29 11:52:08', 'initialAssessment', 'assessment for undefined', 82),
(1415, 26, '2018-03-29 11:54:51', 'labRequest', 'Lab request for : Jenmar R. Pogi', NULL),
(1416, 26, '2018-03-29 11:55:37', 'prescription', 'Prescribed a medicine to : Jenmar R. Pogi', NULL),
(1417, 26, '2018-03-29 12:20:33', 'bed', 'Alloted bed number: 2 to patient:Jenmar R. Pogi', 82),
(1418, 26, '2018-03-29 12:45:57', 'log', 'Logged in', NULL),
(1419, 26, '2018-03-29 12:59:02', 'diagnosis', 'diagnosis for : Jenmar R. Pogi', NULL),
(1420, 26, '2018-03-29 12:59:31', 'diagnosis', 'diagnosis for : Jenmar R. Pogi', NULL),
(1421, 26, '2018-03-29 13:07:57', 'log', 'Logged in', NULL),
(1422, 26, '2018-03-29 13:18:06', 'log', 'Logged in', NULL),
(1423, 25, '2018-03-29 16:56:40', 'log', 'Logged in', NULL),
(1424, 25, '2018-03-29 17:03:14', 'log', 'Logged in', NULL),
(1425, 25, '2018-03-29 17:08:41', 'removedUser', 'removed user: jennieboy', NULL),
(1426, 25, '2018-03-29 17:11:03', 'addUser', 'Added user: Jenny Boy', NULL),
(1427, 25, '2018-03-29 17:11:26', 'removedUser', 'removed user: Jenny Boy', NULL),
(1428, 25, '2018-03-29 17:11:58', 'addUser', 'Added user: Jenny Boy', NULL),
(1429, 25, '2018-03-29 17:26:18', 'log', 'Logged in', NULL),
(1430, 25, '2018-03-29 17:26:32', 'removedUser', 'removed user: Jenny Boy', NULL),
(1431, 25, '2018-03-29 17:33:02', 'log', 'Logged in', NULL),
(1432, 25, '2018-03-29 17:35:34', 'log', 'Logged in', NULL),
(1433, 25, '2018-03-29 17:37:14', 'log', 'Logged in', NULL),
(1434, 25, '2018-03-29 17:39:32', 'addUser', 'Added user: Jenny Boy Mar Roxas', NULL),
(1435, 25, '2018-03-29 17:39:37', 'log', 'Logged out', NULL),
(1436, 40, '2018-03-29 17:39:42', 'log', 'Logged in', NULL),
(1437, 26, '2018-03-29 17:40:12', 'log', 'Logged in', NULL),
(1438, 40, '2018-03-29 17:40:27', 'approvedPrescription', 'Approved prescription for: sampul sam', NULL),
(1439, 40, '2018-03-29 17:40:39', 'approvedPrescription', 'Approved prescription for: Jenmar R. Pogi', NULL),
(1440, 40, '2018-03-29 17:40:46', 'log', 'Logged out', NULL),
(1441, 29, '2018-03-29 17:40:49', 'log', 'Logged in', NULL),
(1442, 29, '2018-03-29 17:40:57', 'cancelLabRequest', 'Cancelled lab request for: Paul Je', NULL),
(1443, 29, '2018-03-29 17:41:08', 'cancelLabRequest', 'Cancelled lab request for: Jenmar R. Pogi', NULL),
(1444, 26, '2018-03-29 17:42:19', 'labRequest', 'Lab request for : Jenmar R. Pogi', NULL),
(1445, 29, '2018-03-29 17:42:32', 'cancelLabRequest', 'Cancelled lab request for: Jenmar R. Pogi', NULL),
(1446, 26, '2018-03-29 17:46:50', 'labRequest', 'Lab request for : Jenmar R. Pogi', NULL),
(1447, 29, '2018-03-29 17:46:57', 'cancelLabRequest', 'Cancelled lab request for: Jenmar R. Pogi', NULL),
(1448, 29, '2018-03-29 17:47:56', 'log', 'Logged in', NULL),
(1449, 26, '2018-03-29 17:48:05', 'log', 'Logged in', NULL),
(1450, 26, '2018-03-29 17:48:16', 'labRequest', 'Lab request for : Jenmar R. Pogi', NULL),
(1451, 29, '2018-03-29 17:48:21', 'confirmedLabRequest', 'Confirmed lab request for: Jenmar R. Pogi', NULL),
(1452, 26, '2018-03-29 17:49:08', 'labRequest', 'Lab request for : Jenmar R. Pogi', NULL),
(1453, 29, '2018-03-29 17:50:38', 'confirmedLabRequest', 'Confirmed lab request for: Jenmar R. Pogi', NULL),
(1454, 26, '2018-03-29 17:52:29', 'labRequest', 'Lab request for : Jenmar R. Pogi', NULL),
(1455, 29, '2018-03-29 17:52:55', 'confirmedLabRequest', 'Confirmed lab request for: Jenmar R. Pogi', NULL),
(1456, 26, '2018-03-29 17:53:43', 'labRequest', 'Lab request for : Jenmar R. Pogi', NULL),
(1457, 29, '2018-03-29 17:53:57', 'confirmedLabRequest', 'Confirmed lab request for: Jenmar R. Pogi', NULL);
INSERT INTO `activity_logs` (`logs_id`, `account_id`, `time`, `type`, `remarks`, `patient_id`) VALUES
(1458, 26, '2018-03-29 17:55:19', 'labRequest', 'Lab request for : Jenmar R. Pogi', NULL),
(1459, 29, '2018-03-29 17:57:19', 'confirmedLabRequest', 'Confirmed lab request for: Jenmar R. Pogi', NULL),
(1460, 26, '2018-03-29 18:00:55', 'labRequest', 'Lab request for : Jenmar R. Pogi', NULL),
(1461, 29, '2018-03-29 18:04:29', 'confirmedLabRequest', 'Confirmed lab request for: Jenmar R. Pogi', NULL),
(1462, 26, '2018-03-29 18:05:38', 'labRequest', 'Lab request for : Jenmar R. Pogi', NULL),
(1463, 29, '2018-03-29 18:06:26', 'confirmedLabRequest', 'Confirmed lab request for: Jenmar R. Pogi', NULL),
(1464, 26, '2018-03-29 18:14:50', 'log', 'Logged in', NULL),
(1465, 26, '2018-03-29 18:22:22', 'bed', 'Alloted bed number: 2 to patient:Jenmar R. Pogi', 82),
(1466, 26, '2018-03-29 18:22:31', 'bedDischarge', 'Discharged a patient from bed number : 2', 82),
(1467, 26, '2018-03-29 18:23:17', 'log', 'Logged in', NULL),
(1468, 26, '2018-03-29 18:23:27', 'bed', 'Alloted bed number: 4 to patient:Jenmar R. Pogi', 82),
(1469, 26, '2018-03-29 18:28:00', 'bedDischarge', 'Discharged a patient from bed number : 4', 82),
(1470, 26, '2018-03-29 18:28:05', 'bed', 'Alloted bed number: 1 to patient:Jenmar R. Pogi', 82),
(1471, 26, '2018-03-29 18:29:14', 'bedDischarge', 'Discharged a patient from bed number : 1', 82),
(1472, 26, '2018-03-29 18:29:21', 'bed', 'Alloted bed number: 18 to patient:Jenmar R. Pogi', 82),
(1473, 26, '2018-03-29 18:29:54', 'log', 'Logged out', NULL),
(1474, 25, '2018-03-29 19:45:42', 'log', 'Logged in', NULL),
(1475, 25, '2018-03-29 19:46:57', 'removedUser', 'removed user: Joshua N. Laban', NULL),
(1476, 25, '2018-03-29 19:47:29', 'addUser', 'Added user: Jenny Marie Girl Roa', NULL),
(1477, 25, '2018-03-29 19:47:35', 'log', 'Logged out', NULL),
(1478, 25, '2018-03-29 19:47:45', 'log', 'Logged in', NULL),
(1479, 25, '2018-03-29 19:47:54', 'log', 'Logged out', NULL),
(1480, 26, '2018-03-29 19:48:00', 'log', 'Logged in', NULL),
(1481, 26, '2018-03-29 19:50:21', 'log', 'Logged out', NULL),
(1482, 25, '2018-03-29 19:50:25', 'log', 'Logged in', NULL),
(1483, 25, '2018-03-29 19:50:41', 'log', 'Logged out', NULL),
(1484, 26, '2018-03-29 19:50:47', 'log', 'Logged in', NULL),
(1485, 26, '2018-03-29 19:52:29', 'generalTodo', 'Added to do general: aas', NULL),
(1486, 26, '2018-03-29 20:29:49', 'log', 'Logged in', NULL),
(1487, 26, '2018-03-29 20:34:15', 'log', 'Logged in', NULL),
(1488, 26, '2018-03-29 20:50:09', 'log', 'Logged out', NULL),
(1489, 27, '2018-03-29 20:50:13', 'log', 'Logged in', NULL),
(1490, 27, '2018-03-29 20:51:42', 'log', 'Logged out', NULL),
(1491, 26, '2018-03-29 20:51:47', 'log', 'Logged in', NULL),
(1492, 27, '2018-03-29 20:56:05', 'log', 'Logged in', NULL),
(1493, 27, '2018-03-29 20:57:05', 'initialAssessment', 'assessment for undefined', 82),
(1494, 26, '2018-03-29 21:06:21', 'log', 'Logged in', NULL),
(1495, 27, '2018-03-29 21:07:11', 'log', 'Logged in', NULL),
(1496, 27, '2018-03-29 21:07:38', 'initialAssessment', 'assessment for undefined', 45),
(1497, 26, '2018-03-29 21:07:48', 'labRequest', 'Lab request for : Ikaw Na Nga', NULL),
(1498, 27, '2018-03-29 21:07:55', 'log', 'Logged out', NULL),
(1499, 41, '2018-03-29 21:07:59', 'log', 'Logged in', NULL),
(1500, 41, '2018-03-29 21:08:06', 'confirmedLabRequest', 'Confirmed lab request for: Ikaw Na Nga', NULL),
(1501, 26, '2018-03-29 21:08:49', 'prescription', 'Prescribed a medicine to : Ikaw Na Nga', NULL),
(1502, 41, '2018-03-29 21:08:53', 'log', 'Logged out', NULL),
(1503, 40, '2018-03-29 21:09:40', 'log', 'Logged in', NULL),
(1504, 40, '2018-03-29 21:09:51', 'approvedPrescription', 'Approved prescription for: Ikaw Na Nga', NULL),
(1505, 26, '2018-03-29 21:10:11', 'diagnosis', 'diagnosis for : Ikaw Na Nga', NULL),
(1506, 26, '2018-03-29 21:10:20', 'diagnosis', 'diagnosis for : Ikaw Na Nga', NULL),
(1507, 26, '2018-03-29 21:10:29', 'diagnosis', 'diagnosis for : Ikaw Na Nga', NULL),
(1508, 26, '2018-03-29 21:10:45', 'diagnosis', 'diagnosis for : Ikaw Na Nga', NULL),
(1509, 40, '2018-03-29 21:15:49', 'log', 'Logged out', NULL),
(1510, 27, '2018-03-29 21:15:52', 'log', 'Logged in', NULL),
(1511, 27, '2018-03-29 21:16:17', 'initialAssessment', 'assessment for undefined', 81),
(1512, 26, '2018-03-29 21:16:29', 'labRequest', 'Lab request for : kope', NULL),
(1513, 27, '2018-03-29 21:16:32', 'log', 'Logged out', NULL),
(1514, 41, '2018-03-29 21:16:36', 'log', 'Logged in', NULL),
(1515, 41, '2018-03-29 21:16:43', 'confirmedLabRequest', 'Confirmed lab request for: kope', NULL),
(1516, 26, '2018-03-29 21:16:55', 'bed', 'Alloted bed number: 1 to patient:kope', 81),
(1517, 26, '2018-03-29 21:18:04', 'prescription', 'Prescribed a medicine to : kope', NULL),
(1518, 41, '2018-03-29 21:18:12', 'log', 'Logged out', NULL),
(1519, 40, '2018-03-29 21:18:19', 'log', 'Logged in', NULL),
(1520, 40, '2018-03-29 21:18:26', 'approvedPrescription', 'Approved prescription for: kope', NULL),
(1521, 26, '2018-03-29 21:18:42', 'diagnosis', 'diagnosis for : kope', NULL),
(1522, 26, '2018-03-29 21:18:50', 'diagnosis', 'diagnosis for : kope', NULL),
(1523, 26, '2018-03-29 21:19:04', 'diagnosis', 'diagnosis for : kope', NULL),
(1524, 40, '2018-03-29 21:19:26', 'log', 'Logged out', NULL),
(1525, 27, '2018-03-29 21:19:30', 'log', 'Logged in', NULL),
(1526, 27, '2018-03-29 21:19:43', 'initialAssessment', 'assessment for undefined', 42),
(1527, 27, '2018-03-29 23:42:23', 'log', 'Logged in', NULL),
(1528, 27, '2018-03-29 23:42:36', 'log', 'Logged out', NULL),
(1529, 27, '2018-03-29 23:47:23', 'log', 'Logged in', NULL),
(1530, 27, '2018-03-29 23:51:16', 'log', 'Logged in', NULL),
(1531, 27, '2018-03-29 23:57:28', 'log', 'Logged in', NULL),
(1532, 27, '2018-03-29 23:57:35', 'er', 'ER for Mon Joel Dela Rosa', 48),
(1533, 27, '2018-03-29 23:57:54', 'log', 'Logged out', NULL),
(1534, 26, '2018-03-29 23:58:14', 'log', 'Logged in', NULL),
(1535, 26, '2018-03-30 00:18:54', 'log', 'Logged in', NULL),
(1536, 26, '2018-03-30 00:44:28', 'bedDischarge', 'Discharged a patient from bed number : 1', 48),
(1537, 26, '2018-03-30 00:44:50', 'bed', 'Alloted bed number: 3 to patient:Mon Joel Dela Rosa', 48),
(1538, 26, '2018-03-30 00:55:12', 'log', 'Logged out', NULL),
(1539, 27, '2018-03-30 00:55:16', 'log', 'Logged in', NULL),
(1540, 27, '2018-03-30 10:45:40', 'log', 'Logged in', NULL),
(1541, 27, '2018-03-30 10:45:47', 'er', 'ER for undefined', 43),
(1542, 27, '2018-03-30 10:45:53', 'log', 'Logged out', NULL),
(1543, 26, '2018-03-30 10:45:58', 'log', 'Logged in', NULL),
(1544, 26, '2018-03-30 11:03:33', 'settingsProfileManagement', 'Edited personal info.', NULL),
(1545, 26, '2018-03-30 11:03:33', 'log', 'Logged out', NULL),
(1546, 26, '2018-03-30 11:03:40', 'log', 'Logged in', NULL),
(1547, 26, '2018-03-30 11:08:58', 'bedDischarge', 'Discharged a patient from bed number : 3', 48),
(1548, 26, '2018-03-30 11:09:04', 'bed', 'Alloted bed number: 2 to patient:Mon Joel Dela Rosa', 48),
(1549, 26, '2018-03-30 11:10:36', 'log', 'Logged out', NULL),
(1550, 25, '2018-03-30 11:10:40', 'log', 'Logged in', NULL),
(1551, 25, '2018-03-30 11:10:46', 'log', 'Logged out', NULL),
(1552, 41, '2018-03-30 11:10:50', 'log', 'Logged in', NULL),
(1553, 41, '2018-03-30 11:13:24', 'log', 'Logged out', NULL),
(1554, 26, '2018-03-30 11:13:39', 'log', 'Logged in', NULL),
(1555, 26, '2018-03-30 11:32:31', 'labRequest', 'Lab request for : Mon Joel Dela Rosa', NULL),
(1556, 26, '2018-03-30 11:33:00', 'cancelLabRequest', 'Canceled lab request for: Mon Joel Dela Rosa', NULL),
(1557, 26, '2018-03-30 11:51:29', 'log', 'Logged out', NULL),
(1558, 27, '2018-03-30 11:51:32', 'log', 'Logged in', NULL),
(1559, 27, '2018-03-30 11:51:51', 'log', 'Logged out', NULL),
(1560, 40, '2018-03-30 11:51:57', 'log', 'Logged in', NULL),
(1561, 40, '2018-03-30 11:54:19', 'log', 'Logged out', NULL),
(1562, 25, '2018-03-30 11:54:22', 'log', 'Logged in', NULL),
(1563, 25, '2018-03-30 11:59:03', 'log', 'Logged out', NULL),
(1564, 40, '2018-03-30 11:59:11', 'log', 'Logged in', NULL),
(1565, 40, '2018-03-30 12:02:01', 'log', 'Logged in', NULL),
(1566, 40, '2018-03-30 12:03:27', 'log', 'Logged in', NULL),
(1567, 27, '2018-03-30 13:09:43', 'log', 'Logged in', NULL),
(1568, 27, '2018-03-30 13:10:12', 'log', 'Logged out', NULL),
(1569, 26, '2018-03-30 13:10:16', 'log', 'Logged in', NULL),
(1570, 26, '2018-03-30 13:16:14', 'log', 'Logged in', NULL),
(1571, 26, '2018-03-30 13:37:21', 'log', 'Logged out', NULL),
(1572, 40, '2018-03-30 13:37:26', 'log', 'Logged in', NULL),
(1573, 40, '2018-03-30 13:37:32', 'log', 'Logged out', NULL),
(1574, 26, '2018-03-30 13:37:40', 'log', 'Logged in', NULL),
(1575, 26, '2018-03-30 13:38:28', 'log', 'Logged in', NULL),
(1576, 26, '2018-03-30 13:40:33', 'log', 'Logged in', NULL),
(1577, 26, '2018-03-30 13:40:44', 'prescription', 'Prescribed a medicine to : ma mon', NULL),
(1578, 26, '2018-03-30 13:40:49', 'log', 'Logged out', NULL),
(1579, 40, '2018-03-30 13:40:53', 'log', 'Logged in', NULL),
(1580, 40, '2018-03-30 13:41:02', 'approvedPrescription', 'Approved prescription for: ma mon', NULL),
(1581, 40, '2018-03-30 14:09:56', 'log', 'Logged in', NULL),
(1582, 40, '2018-03-30 14:11:01', 'log', 'Logged in', NULL),
(1583, 40, '2018-03-30 14:12:35', 'log', 'Logged in', NULL),
(1584, 40, '2018-03-30 14:14:02', 'log', 'Logged in', NULL),
(1585, 40, '2018-03-31 00:00:28', 'log', 'Logged in', NULL),
(1586, 40, '2018-03-31 12:00:09', 'log', 'Logged in', NULL),
(1587, 40, '2018-03-31 12:02:01', 'log', 'Logged in', NULL),
(1588, 40, '2018-04-01 00:00:05', 'log', 'Logged in', NULL),
(1589, 40, '2018-04-01 00:04:51', 'log', 'Logged in', NULL),
(1590, 40, '2018-04-02 23:59:50', 'log', 'Logged in', NULL),
(1591, 40, '2018-04-04 00:00:59', 'log', 'Logged in', NULL),
(1592, 40, '2018-03-30 00:00:08', 'log', 'Logged in', NULL),
(1593, 40, '2018-03-30 00:05:27', 'log', 'Logged in', NULL),
(1594, 40, '2018-03-30 15:47:17', 'log', 'Logged in', NULL),
(1595, 40, '2018-03-30 16:00:25', 'log', 'Logged out', NULL),
(1596, 27, '2018-03-30 16:00:35', 'log', 'Logged in', NULL),
(1597, 27, '2018-03-30 16:12:31', 'log', 'Logged out', NULL),
(1598, 40, '2018-03-30 16:12:37', 'log', 'Logged in', NULL),
(1599, 40, '2018-03-30 17:17:18', 'log', 'Logged in', NULL),
(1600, 40, '2018-03-30 17:23:46', 'log', 'Logged in', NULL),
(1601, 40, '2018-03-30 17:28:27', 'log', 'Logged out', NULL),
(1602, 26, '2018-03-30 17:28:41', 'log', 'Logged in', NULL),
(1603, 26, '2018-03-30 17:29:27', 'prescription', 'Prescribed a medicine to : sampul sam', NULL),
(1604, 26, '2018-03-30 17:30:40', 'prescription', 'Prescribed a medicine to : ma mon', NULL),
(1605, 26, '2018-03-30 17:30:52', 'log', 'Logged out', NULL),
(1606, 40, '2018-03-30 17:30:57', 'log', 'Logged in', NULL),
(1607, 40, '2018-03-30 17:31:12', 'approvedPrescription', 'Approved prescription for: ma mon', NULL),
(1608, 40, '2018-03-30 17:31:16', 'approvedPrescription', 'Approved prescription for: sampul sam', NULL),
(1609, 40, '2018-03-30 17:32:17', 'log', 'Logged in', NULL),
(1610, 26, '2018-03-30 22:29:36', 'log', 'Logged in', NULL),
(1611, 26, '2018-03-30 22:31:01', 'labRequest', 'Lab request for : ma mon', NULL),
(1612, 26, '2018-03-30 22:36:00', 'prescription', 'Prescribed a medicine to : ma mon', NULL),
(1613, 26, '2018-03-30 22:41:59', 'log', 'Logged in', NULL),
(1614, 26, '2018-03-30 22:46:05', 'log', 'Logged in', NULL),
(1615, 26, '2018-03-30 22:46:50', 'log', 'Logged in', NULL),
(1616, 26, '2018-03-30 22:51:52', 'log', 'Logged in', NULL),
(1617, 40, '2018-03-30 23:46:03', 'log', 'Logged in', NULL),
(1618, 40, '2018-03-30 23:50:00', 'approvedPrescription', 'Approved prescription for: ma mon', NULL),
(1619, 26, '2018-03-31 02:11:38', 'log', 'Logged in', NULL);

-- --------------------------------------------------------

--
-- Table structure for table `admit`
--

DROP TABLE IF EXISTS `admit`;
CREATE TABLE IF NOT EXISTS `admit` (
  `patient_id` int(11) NOT NULL,
  `department` varchar(12) NOT NULL,
  UNIQUE KEY `patient_id` (`patient_id`)
) ENGINE=InnoDB DEFAULT CHARSET=latin1;

-- --------------------------------------------------------

--
-- Table structure for table `announcement`
--

DROP TABLE IF EXISTS `announcement`;
CREATE TABLE IF NOT EXISTS `announcement` (
  `announcement_id` int(11) NOT NULL AUTO_INCREMENT,
  `announcement_title` text NOT NULL,
  `announcement` text NOT NULL,
  `timestamp` timestamp NOT NULL,
  PRIMARY KEY (`announcement_id`)
) ENGINE=InnoDB AUTO_INCREMENT=2 DEFAULT CHARSET=latin1;

--
-- Dumping data for table `announcement`
--

INSERT INTO `announcement` (`announcement_id`, `announcement_title`, `announcement`, `timestamp`) VALUES
(1, 'Greetings !!', 'Good Morning Everyone !!', '2017-11-29 19:23:59');

-- --------------------------------------------------------

--
-- Table structure for table `appointment`
--

DROP TABLE IF EXISTS `appointment`;
CREATE TABLE IF NOT EXISTS `appointment` (
  `appointment_id` int(11) NOT NULL AUTO_INCREMENT,
  `appointment_timestamp` timestamp NOT NULL,
  `doctor_id` int(11) NOT NULL,
  `patient_id` int(11) NOT NULL,
  `remarks` text,
  PRIMARY KEY (`appointment_id`)
) ENGINE=InnoDB AUTO_INCREMENT=9 DEFAULT CHARSET=latin1;

--
-- Dumping data for table `appointment`
--

INSERT INTO `appointment` (`appointment_id`, `appointment_timestamp`, `doctor_id`, `patient_id`, `remarks`) VALUES
(5, '2018-02-08 07:00:00', 4, 42, 'asczxcqweasd'),
(6, '2018-02-08 08:02:00', 4, 42, 'asczxczxcasdqwe'),
(7, '2018-03-24 05:00:00', 4, 42, 'zxcadasdzxc'),
(8, '2018-01-31 17:00:00', 4, 42, 'zxcasd');

-- --------------------------------------------------------

--
-- Table structure for table `bed`
--

DROP TABLE IF EXISTS `bed`;
CREATE TABLE IF NOT EXISTS `bed` (
  `bed_id` int(11) NOT NULL AUTO_INCREMENT,
  `status` varchar(11) NOT NULL,
  `allotment_timestamp` datetime DEFAULT NULL,
  `description` text,
  `patient_id` int(11) DEFAULT NULL,
  PRIMARY KEY (`bed_id`)
) ENGINE=InnoDB AUTO_INCREMENT=51 DEFAULT CHARSET=latin1;

--
-- Dumping data for table `bed`
--

INSERT INTO `bed` (`bed_id`, `status`, `allotment_timestamp`, `description`, `patient_id`) VALUES
(1, 'occupied', '2018-03-30 10:45:47', NULL, 43),
(2, 'occupied', '2018-03-30 11:09:04', NULL, 48),
(3, 'Unoccupied', NULL, NULL, NULL),
(4, 'Unoccupied', NULL, NULL, NULL),
(5, 'Unoccupied', NULL, NULL, NULL),
(6, 'Unoccupied', NULL, NULL, NULL),
(7, 'Unoccupied', NULL, NULL, NULL),
(8, 'Unoccupied', NULL, NULL, NULL),
(9, 'Unoccupied', NULL, NULL, NULL),
(10, 'Unoccupied', NULL, NULL, NULL),
(11, 'Unoccupied', NULL, NULL, NULL),
(12, 'Unoccupied', NULL, NULL, NULL),
(13, 'Unoccupied', NULL, NULL, NULL),
(14, 'Unoccupied', NULL, NULL, NULL),
(15, 'Unoccupied', NULL, NULL, NULL),
(16, 'Unoccupied', NULL, NULL, NULL),
(17, 'Unoccupied', NULL, NULL, NULL),
(18, 'Unoccupied', NULL, NULL, NULL),
(19, 'Unoccupied', NULL, NULL, NULL),
(20, 'Unoccupied', NULL, NULL, NULL),
(21, 'Unoccupied', NULL, NULL, NULL),
(22, 'Unoccupied', NULL, NULL, NULL),
(23, 'Unoccupied', NULL, NULL, NULL),
(24, 'Unoccupied', NULL, NULL, NULL),
(25, 'Unoccupied', NULL, NULL, NULL),
(26, 'Unoccupied', NULL, NULL, NULL),
(27, 'Unoccupied', NULL, NULL, NULL),
(28, 'Unoccupied', NULL, NULL, NULL),
(29, 'Unoccupied', NULL, NULL, NULL),
(30, 'Unoccupied', NULL, NULL, NULL),
(31, 'Unoccupied', NULL, NULL, NULL),
(32, 'Unoccupied', NULL, NULL, NULL),
(33, 'Unoccupied', NULL, NULL, NULL),
(34, 'Unoccupied', NULL, NULL, NULL),
(35, 'Unoccupied', NULL, NULL, NULL),
(36, 'Unoccupied', NULL, NULL, NULL),
(37, 'Unoccupied', NULL, NULL, NULL),
(38, 'Unoccupied', NULL, NULL, NULL),
(39, 'Unoccupied', NULL, NULL, NULL),
(40, 'Unoccupied', NULL, NULL, NULL),
(41, 'Unoccupied', NULL, NULL, NULL),
(42, 'Unoccupied', NULL, NULL, NULL),
(43, 'Unoccupied', NULL, NULL, NULL),
(44, 'Unoccupied', NULL, NULL, NULL),
(45, 'Unoccupied', NULL, NULL, NULL),
(46, 'Unoccupied', NULL, NULL, NULL),
(47, 'Unoccupied', NULL, NULL, NULL),
(48, 'Unoccupied', NULL, NULL, NULL),
(49, 'Unoccupied', NULL, NULL, NULL),
(50, 'Unoccupied', NULL, NULL, NULL);

-- --------------------------------------------------------

--
-- Table structure for table `billing_transactions`
--

DROP TABLE IF EXISTS `billing_transactions`;
CREATE TABLE IF NOT EXISTS `billing_transactions` (
  `receipt_no` int(11) NOT NULL AUTO_INCREMENT,
  `amount` double NOT NULL,
  `accountant_id` int(11) NOT NULL,
  `patient_id` int(11) NOT NULL,
  `medicine_name` varchar(30) NOT NULL,
  PRIMARY KEY (`receipt_no`)
) ENGINE=InnoDB AUTO_INCREMENT=2 DEFAULT CHARSET=latin1;

--
-- Dumping data for table `billing_transactions`
--

INSERT INTO `billing_transactions` (`receipt_no`, `amount`, `accountant_id`, `patient_id`, `medicine_name`) VALUES
(1, 49.99, 1, 1, 'Paracetamol');

-- --------------------------------------------------------

--
-- Table structure for table `daily_consumption_report`
--

DROP TABLE IF EXISTS `daily_consumption_report`;
CREATE TABLE IF NOT EXISTS `daily_consumption_report` (
  `dcr_id` int(11) NOT NULL AUTO_INCREMENT,
  `date` date NOT NULL,
  `medicine_id` int(11) NOT NULL,
  `medicine_quantity` int(11) NOT NULL,
  `patient_id` int(11) NOT NULL,
  `pharmacist_id` int(11) NOT NULL,
  PRIMARY KEY (`dcr_id`)
) ENGINE=InnoDB AUTO_INCREMENT=2 DEFAULT CHARSET=latin1;

--
-- Dumping data for table `daily_consumption_report`
--

INSERT INTO `daily_consumption_report` (`dcr_id`, `date`, `medicine_id`, `medicine_quantity`, `patient_id`, `pharmacist_id`) VALUES
(1, '2017-11-30', 1, 5, 1, 1);

-- --------------------------------------------------------

--
-- Table structure for table `department`
--

DROP TABLE IF EXISTS `department`;
CREATE TABLE IF NOT EXISTS `department` (
  `dep_id` int(11) NOT NULL AUTO_INCREMENT,
  `name` varchar(12) NOT NULL,
  PRIMARY KEY (`dep_id`)
) ENGINE=InnoDB AUTO_INCREMENT=4 DEFAULT CHARSET=latin1;

--
-- Dumping data for table `department`
--

INSERT INTO `department` (`dep_id`, `name`) VALUES
(1, 'OPD'),
(2, 'ER'),
(3, 'Ward');

-- --------------------------------------------------------

--
-- Table structure for table `diagnosis`
--

DROP TABLE IF EXISTS `diagnosis`;
CREATE TABLE IF NOT EXISTS `diagnosis` (
  `diag_id` int(11) NOT NULL AUTO_INCREMENT,
  `diagnosis` text NOT NULL,
  `date` timestamp NOT NULL,
  `patient_id` int(11) NOT NULL,
  `doctor_id` int(11) NOT NULL,
  PRIMARY KEY (`diag_id`)
) ENGINE=MyISAM AUTO_INCREMENT=36 DEFAULT CHARSET=latin1;

--
-- Dumping data for table `diagnosis`
--

INSERT INTO `diagnosis` (`diag_id`, `diagnosis`, `date`, `patient_id`, `doctor_id`) VALUES
(1, 'my diagnosis 1', '2018-03-26 15:19:13', 42, 26),
(2, '', '2018-03-26 15:41:52', 42, 26),
(3, 'my diagnosis 12\r\n\r\n', '2018-03-26 15:42:33', 42, 26),
(4, '1', '2018-03-26 15:42:43', 42, 26),
(5, 'qwe', '2018-03-26 15:48:46', 42, 26),
(6, 'qwe\r\nqwe', '2018-03-26 15:48:50', 42, 26),
(7, 'qwe\r\nqwe\r\nqwe\r\nqwe', '2018-03-26 15:48:54', 42, 26),
(8, 'qwe', '2018-03-26 15:51:12', 42, 26),
(9, 'asd', '2018-03-26 15:51:15', 42, 26),
(10, 'zxc', '2018-03-26 15:51:18', 42, 26),
(11, 'e', '2018-03-26 15:51:37', 42, 26),
(12, 'asd', '2018-03-26 15:51:54', 42, 26),
(13, 'zxc', '2018-03-26 15:51:58', 42, 26),
(14, 'qwe', '2018-03-26 15:52:10', 42, 26),
(15, 'qwe', '2018-03-26 15:56:00', 42, 26),
(16, 'asd', '2018-03-26 15:56:03', 42, 26),
(17, 'qwe', '2018-03-26 15:56:05', 42, 26),
(18, 'qwe', '2018-03-26 15:59:03', 42, 26),
(19, 'asd', '2018-03-26 15:59:06', 42, 26),
(20, 'qwe', '2018-03-27 15:34:03', 42, 26),
(21, 'qwe', '2018-03-27 15:34:11', 42, 26),
(22, 'asd ', '2018-03-27 15:34:15', 42, 26),
(23, 'ewerwerwer', '2018-03-29 03:26:13', 42, 26),
(24, 'weqweqwe', '2018-03-29 03:26:22', 46, 26),
(25, 'qeqeqeee', '2018-03-29 03:26:28', 46, 26),
(26, 'qweqeqweqwe', '2018-03-29 03:26:33', 46, 26),
(27, 'asdsaddsds', '2018-03-29 04:59:02', 82, 26),
(28, '2nd diagnoses', '2018-03-29 04:59:31', 82, 26),
(29, 'Diagnosis No. 1', '2018-03-29 13:10:11', 45, 26),
(30, 'Diagnosis No. 2', '2018-03-29 13:10:20', 45, 26),
(31, 'Diagnosis No. 3', '2018-03-29 13:10:29', 45, 26),
(32, 'Diagnosis No. 1\r\nDiagnosis No. 2\r\nDiagnosis No. 3\r\n', '2018-03-29 13:10:45', 45, 26),
(33, 'aigoo naspak nga talagan buto na', '2018-03-29 13:18:42', 81, 26),
(34, 'inayadem agsalsal', '2018-03-29 13:18:50', 81, 26),
(35, 'nu agfinger ka gamin han nga minamuscle', '2018-03-29 13:19:04', 81, 26);

-- --------------------------------------------------------

--
-- Table structure for table `family_history`
--

DROP TABLE IF EXISTS `family_history`;
CREATE TABLE IF NOT EXISTS `family_history` (
  `fh_id` int(11) NOT NULL AUTO_INCREMENT,
  `name` varchar(20) DEFAULT NULL,
  PRIMARY KEY (`fh_id`)
) ENGINE=InnoDB AUTO_INCREMENT=8 DEFAULT CHARSET=latin1;

--
-- Dumping data for table `family_history`
--

INSERT INTO `family_history` (`fh_id`, `name`) VALUES
(1, NULL),
(2, 'DM'),
(3, 'CVD'),
(4, 'CA'),
(5, 'Mental Illness'),
(6, 'Asthma'),
(7, 'Hypertension');

-- --------------------------------------------------------

--
-- Table structure for table `hospital_equipment`
--

DROP TABLE IF EXISTS `hospital_equipment`;
CREATE TABLE IF NOT EXISTS `hospital_equipment` (
  `equipment_id` int(11) NOT NULL AUTO_INCREMENT,
  `name` varchar(30) NOT NULL,
  `category` varchar(30) NOT NULL,
  `description` text NOT NULL,
  `price` double NOT NULL,
  `quantity` int(11) NOT NULL,
  PRIMARY KEY (`equipment_id`)
) ENGINE=InnoDB AUTO_INCREMENT=2 DEFAULT CHARSET=latin1;

--
-- Dumping data for table `hospital_equipment`
--

INSERT INTO `hospital_equipment` (`equipment_id`, `name`, `category`, `description`, `price`, `quantity`) VALUES
(1, 'ballpen', 'tools', 'This pen is a pen !!', 20, 5);

-- --------------------------------------------------------

--
-- Table structure for table `immunization`
--

DROP TABLE IF EXISTS `immunization`;
CREATE TABLE IF NOT EXISTS `immunization` (
  `name` varchar(15) DEFAULT NULL,
  `immu_id` int(11) NOT NULL AUTO_INCREMENT,
  PRIMARY KEY (`immu_id`)
) ENGINE=InnoDB AUTO_INCREMENT=17 DEFAULT CHARSET=latin1;

--
-- Dumping data for table `immunization`
--

INSERT INTO `immunization` (`name`, `immu_id`) VALUES
(NULL, 1),
('DFT', 2),
('Polio', 3),
('Measles', 4),
('MMR', 5),
('Hepatitis A', 6),
('Hepatitis B', 7),
('Tyroid', 8),
('Chicken Pox', 9),
('Meningcoccemia', 10),
('Rabies', 11),
('HIB', 12),
('Influenza', 13),
('Phenomia', 14),
('Tetanus Toxoid', 15),
('BCD', 16);

-- --------------------------------------------------------

--
-- Table structure for table `lab_request`
--

DROP TABLE IF EXISTS `lab_request`;
CREATE TABLE IF NOT EXISTS `lab_request` (
  `request_id` int(11) NOT NULL AUTO_INCREMENT,
  `type` varchar(20) NOT NULL,
  `timestamp` timestamp NOT NULL,
  `remarks` text NOT NULL,
  `doctor_id` int(11) NOT NULL,
  `patient_id` int(11) NOT NULL,
  `lab_status` varchar(20) NOT NULL,
  PRIMARY KEY (`request_id`),
  KEY `patient_id` (`patient_id`),
  KEY `doctor_id` (`doctor_id`) USING BTREE
) ENGINE=InnoDB AUTO_INCREMENT=19 DEFAULT CHARSET=latin1;

--
-- Dumping data for table `lab_request`
--

INSERT INTO `lab_request` (`request_id`, `type`, `timestamp`, `remarks`, `doctor_id`, `patient_id`, `lab_status`) VALUES
(3, 'microbiology', '2018-03-19 09:33:54', 'sd', 26, 43, 'confirmed'),
(4, 'bloodChemistry', '2018-03-19 09:36:45', 'asdzxc', 26, 68, 'confirmed'),
(8, 'Blood Chemistry', '2018-03-29 09:48:16', 'blood test', 26, 82, 'confirmed'),
(9, 'Blood Chemistry', '2018-03-29 09:49:08', 'assaas', 26, 82, 'confirmed'),
(10, 'Blood Chemistry', '2018-03-29 09:52:29', 'ssss', 26, 82, 'confirmed'),
(11, 'Blood Chemistry', '2018-03-29 09:53:43', 'cc', 26, 82, 'confirmed'),
(12, 'Blood Chemistry', '2018-03-29 09:55:19', 'cczzz', 26, 82, 'confirmed'),
(13, 'Blood Chemistry', '2018-03-29 10:00:55', 'sasassa', 26, 82, 'confirmed'),
(14, 'Blood Chemistry', '2018-03-29 10:05:38', 'x', 26, 82, 'confirmed'),
(15, 'Blood Chemistry', '2018-03-29 13:07:48', 'asdasdasd', 26, 45, 'confirmed'),
(16, 'Blood Chemistry', '2018-03-29 13:16:29', 'asdasdasd', 26, 81, 'confirmed'),
(18, 'Blood Chemistry', '2018-03-30 14:31:01', 'ssss', 26, 42, 'pending');

-- --------------------------------------------------------

--
-- Table structure for table `medicine`
--

DROP TABLE IF EXISTS `medicine`;
CREATE TABLE IF NOT EXISTS `medicine` (
  `medicine_id` int(11) NOT NULL AUTO_INCREMENT,
  `name` varchar(50) NOT NULL,
  `medicine_category_id` int(11) NOT NULL,
  `description` text NOT NULL,
  `price` double NOT NULL,
  `manufacturing_company` varchar(30) NOT NULL,
  `medicine_quantity` int(11) NOT NULL,
  PRIMARY KEY (`medicine_id`)
) ENGINE=InnoDB AUTO_INCREMENT=2 DEFAULT CHARSET=latin1;

--
-- Dumping data for table `medicine`
--

INSERT INTO `medicine` (`medicine_id`, `name`, `medicine_category_id`, `description`, `price`, `manufacturing_company`, `medicine_quantity`) VALUES
(1, 'solmux', 1, 'Vitamin C 500gm', 25, 'Generica', 50);

-- --------------------------------------------------------

--
-- Table structure for table `medicine_category`
--

DROP TABLE IF EXISTS `medicine_category`;
CREATE TABLE IF NOT EXISTS `medicine_category` (
  `medicine_category_id` int(11) NOT NULL AUTO_INCREMENT,
  `name` varchar(50) NOT NULL,
  `description` text NOT NULL,
  PRIMARY KEY (`medicine_category_id`)
) ENGINE=InnoDB AUTO_INCREMENT=3 DEFAULT CHARSET=latin1;

--
-- Dumping data for table `medicine_category`
--

INSERT INTO `medicine_category` (`medicine_category_id`, `name`, `description`) VALUES
(1, 'Allergy liquids', 'Allergic medicines'),
(2, 'Vitamins Tablets ', 'Vitamins tablets only');

-- --------------------------------------------------------

--
-- Table structure for table `opd_count`
--

DROP TABLE IF EXISTS `opd_count`;
CREATE TABLE IF NOT EXISTS `opd_count` (
  `opd_count_id` int(11) NOT NULL AUTO_INCREMENT,
  `date_stamp` timestamp NOT NULL,
  `patient_id` int(11) NOT NULL,
  PRIMARY KEY (`opd_count_id`)
) ENGINE=MyISAM AUTO_INCREMENT=7 DEFAULT CHARSET=latin1;

--
-- Dumping data for table `opd_count`
--

INSERT INTO `opd_count` (`opd_count_id`, `date_stamp`, `patient_id`) VALUES
(2, '2018-03-29 03:52:08', 82),
(3, '2018-03-29 12:57:05', 82),
(4, '2018-03-29 13:07:38', 45),
(5, '2018-03-29 13:16:17', 81),
(6, '2018-03-29 13:19:43', 42);

-- --------------------------------------------------------

--
-- Table structure for table `patient`
--

DROP TABLE IF EXISTS `patient`;
CREATE TABLE IF NOT EXISTS `patient` (
  `patient_id` int(11) NOT NULL AUTO_INCREMENT,
  `patient_type` varchar(20) NOT NULL,
  `name` varchar(50) NOT NULL,
  `age` int(3) NOT NULL,
  `unit` text NOT NULL,
  `sex` varchar(1) DEFAULT NULL,
  `status` varchar(7) NOT NULL,
  `birth_date` date NOT NULL,
  `address` varchar(30) NOT NULL,
  `religion` varchar(15) DEFAULT NULL,
  `blood_type` varchar(2) DEFAULT NULL,
  `allergies` text,
  `father` text,
  `mother` text,
  `birth_history` text,
  `rankORsn` varchar(20) DEFAULT NULL,
  `immunization` text,
  `family_history` text,
  PRIMARY KEY (`patient_id`)
) ENGINE=InnoDB AUTO_INCREMENT=83 DEFAULT CHARSET=latin1;

--
-- Dumping data for table `patient`
--

INSERT INTO `patient` (`patient_id`, `patient_type`, `name`, `age`, `unit`, `sex`, `status`, `birth_date`, `address`, `religion`, `blood_type`, `allergies`, `father`, `mother`, `birth_history`, `rankORsn`, `immunization`, `family_history`) VALUES
(42, 'cadet', 'ma mon', 202, '', 'M', 'Maried', '2018-01-04', '#123 asd', '', '', '', '\n:', '\n:', '', '456', '\n', '\n'),
(43, 'military officer', 'sampul sam', 202, '', 'M', 'Maried', '2018-01-04', '#789 qwe', '', '', '', '\n:', '\n:', '', '123', '\n', '\n'),
(44, 'military dependent', 'Pul sam', 38, '', 'F', 'Maried', '2018-01-05', 'asd', '', '', '', '\n:', '\n:', '', '678', '\n', '\n'),
(45, 'civilian', 'Ikaw Na Nga', 24, '', 'F', 'Maried', '2018-01-06', 'asdqwe', '', '', '', '\n:', '\n:', '', '657', '\n', '\n'),
(46, 'authorized civilian', 'Paul Je', 20, '', 'F', 'Single', '2018-01-20', 'zxc', '', '', '', '\n:', '\n:', '', '678', '\n', '\n'),
(47, 'civilian', 'rweewasqews', 19, '', 'M', 'Single', '2018-02-01', 'asdasda', '', '', '', '\n:', '\n:', '', 'wqedasd', 'Phenomia:\n\n', 'DM\n\n'),
(48, 'cadet', 'Mon Joel Dela Rosa', 21, '', 'M', 'Maried', '2018-01-31', 'asd', '', '', '', '\n:', '\n:', '', 'qwe', 'Meningcoccemia:2018-02\nPhenomia:\n\n', 'DM\nCVD\n\n'),
(49, 'military officer', 'asd', 14, '', 'M', 'Maried', '2018-01-30', 'asd', '', '', '', '\n:', '\n:', '', 'asd', 'Influenza:\n\n', 'CVD\n\n'),
(50, 'military officer', 'qwe', 20, '', 'M', 'Maried', '2018-02-09', 'asd', '', '', '', '\n:', '\n:', '', '', 'Influenza:\n\n', 'DM\n\n'),
(51, 'military officer', 'asdqweq', 25, '', 'M', 'Maried', '2018-02-13', 'asdasdqwe', '', '', '', '\n:', '\n:', '', '', 'Tetanus Toxoid:\n\n', 'DM\n\n'),
(52, 'military officer', 'zxcweqe', 29, '', 'M', 'Maried', '2018-02-01', 'asdazxc', '', '', '', '\n:', '\n:', '', '', 'Tyroid:\n\n', '\n\nCVD\n\n'),
(53, 'cadet', 'asdqwe', 15, '', 'M', 'Maried', '2018-02-08', 'asdqwe', '', '', '', '\n:', '\n:', '', '', '\n', '\n'),
(54, 'military officer', 'asdqwe', 17, '', 'M', 'Single', '2018-02-01', 'zxcasd', '', '', '', '\n:', '\n:', '', '', 'Phenomia:2018-02\n\n', 'DM\nCVD\n\n'),
(55, 'cadet', 'z', 2, '', 'M', 'Maried', '2018-02-01', 'a', '', '', '', '\n:', '\n:', '', '', '\n', '\n'),
(56, 'cadet', 'zxc', 20, '', 'M', 'Maried', '1997-12-19', 'qwe', '', '', '', '\n:', '\n:', '', '', '\n', '\n'),
(57, 'cadet', 'asd', 20, '', 'M', 'Maried', '1997-12-19', 'qwe', '', '', '', '\n:', '\n:', '', '', '\n', '\n'),
(58, 'cadet', 'asd', 20, '', 'M', 'Maried', '1997-12-19', 'asd', '', '', '', '\n:', '\n:', '', '', '\n', '\n'),
(59, 'cadet', 'Testing patient management', 20, '', 'M', 'Maried', '1997-12-01', 'asdqwe', '', '', '', '\n:', '\n:', '', '', '\n', '\n'),
(60, 'cadet', 'testing p2', 0, '', 'M', 'Maried', '2018-02-03', 'asd', '', 'A', '', '\n:', '\n:', '', '', 'DFT:2018-03\n\n', 'DM\nCVD\n\n'),
(61, 'authorized civilian', 'NYEEEEEEEEAM', 0, 'ghyjb ', 'F', 'Single', '2018-03-02', 'jhb', 'hjb', 'B', 'bhj', 'hjb\n:hj', 'bhj\n:bhj', 'bh', '5634789', 'Influenza:2018-03\n\n', 'Mental Illness\n\n'),
(62, 'civilian', 'monicuuuuuuuuuh', 0, 'ghyjbhj', 'F', 'Single', '2018-03-06', 'b', 'hjb', 'AB', 'bhj', 'hjb\n:jhb', 'jhbjh\n:bjh', 'bhj', '456', 'Hepatitis B:2018-03\n\n', 'Asthma\n\n'),
(63, 'military dependent', 'racheeeeel', -1, 'gbyhj', 'F', 'Single', '2018-12-31', 'bjh', 'b gh', 'A', 'bhj', 'vgh\n:vbhj', 'bjh\n:bhj', 'bh', '678', 'DFT:2018-12\n\n', 'DM\n\n'),
(64, 'cadet', 'chandleeeeer', 0, 'bhj', 'M', 'Maried', '2018-02-28', 'b hj', 'bhj', 'AB', 'bhj', 'bhj\n:bjh', 'bhj\n:bhj', 'b', '345', 'Phenomia:2018-03\n\n', 'CVD\n\n'),
(65, 'military officer', 'phoeeeeeeeeeeeebe', -1, 'hjbb', 'F', 'Single', '2018-12-31', 'hj', 'bhj', 'A', 'bjh', 'bhj\n:bhj', 'bjh\n:bh', 'bjh', '435', 'DFT:2018-12\n\n', 'CVD\n\n'),
(66, 'cadet', 'joeeeeeeeeey', -1, 'bhjk', 'F', 'Maried', '2018-12-31', 'hjvb', 'vbhjvb ', 'A', 'vhjgvb', 'ghv\n:ghv', 'g\n:vg', 'vgh', '34', 'DFT:2018-12\n\n', 'DM\n\n'),
(67, 'military dependent', 'rrrrroooooooooooooossss', -1, 'hnkj', 'M', 'Maried', '2018-12-31', 'bv jh', 'hgjvbn', 'A', 'bjh', 'vbjh\n:vh', 'v\n:hgv', 'vbhj', '7', 'Polio:2018-12\n\n', 'CVD\n\n'),
(68, 'authorized civilian', 'teeeeeeeeeeed', 0, 'hnjkn', 'M', 'Single', '2018-02-27', 'jhb', 'ihujkbn', 'B', 'bbh', 'hjb\n:hj', 'bjh\n:bjh', 'bhj', '789', 'Measles:2018-12\n\n', 'CA\n\n'),
(69, 'civilian', 'magellaaaaaaaaaaaaaaaan', -1, '', 'M', 'Single', '2018-12-31', 'hjvhgv', 'dnsjkvbnhjdsbv', 'A', 'hjbhj', 'hbv\n:hjb', 'hv\n:hgv', 'hvb', '90787789', 'HIB:2018-03\n\n', 'Mental Illness\n\n'),
(70, 'military officer', 'lowkey', -1, 'gj', 'M', 'Single', '2018-12-31', 'bjhb', 'jhb', 'B', 'bhj', 'hjb\n:hjvb', 'hjb\n:vhj', 'bhj', '78998', 'DFT:2018-12\n\n', 'DM\n\n'),
(71, 'cadet', 'wewe', -1, 'bhj', 'F', 'Single', '2018-12-31', 'bhnmb h', 'vgtyyhjvnb', 'B', 'bj', 'jbhj\n:bj', 'bgjh\n:bjh', 'bhj', 'bhmb hj', 'Rabies:2018-03\n\n', 'DM\n\n'),
(72, 'authorized civilian', 'HUEHUE', -1, 'hjbn', 'F', 'Single', '2018-12-31', 'huhjbhjvbg', 'bhjdsvnkc', 'A', 'vhjv', 'vg\n:vghv', 'hg\n:vhg', 'vghv', '6786y789', 'DFT:2017-12\n\n', 'DM\n\n'),
(73, 'authorized civilian', 'NINE', -1, 'bhjb', 'F', 'Maried', '2018-12-31', 'jhb hjbhj', 'djiknksvm', 'B', 'vc ghvghgvh', 'bhj\n:bhjb', 'hjb\n:jh', 'bvghjjvb hvbhgvghvbghjvghjgvhg', '6789', 'DFT:2018-12\n\n', 'DM\n\n'),
(74, 'cadet', 'EIGHTjnb hjb', -1, 'bhj', 'M', 'Single', '2018-12-01', 'bhjbjhm', 'dbhskj', 'B', 'bhjb', 'bhj\n:bjh', 'bj\n:bhj', 'bjh', 'hjbhj', 'Polio:2018-12\n\n', 'DM\n\n'),
(75, 'military dependent', 'SIBIN', -1, 'bhjb', 'M', 'Single', '2018-12-31', 'gvhbnm', 'fdbns', 'B', 'vgbhnv', 'vhbjn \n:b hjn', 'vb \n:hjbn', 'vhjbn ', 'jukjb', 'Polio:2018-01\n\n', 'CVD\n\n'),
(76, 'military dependent', 'nyameten', -1, '', 'F', 'Single', '2018-12-01', 'bhj', 'dsbhj', 'A', 'bhj', 'b hmb\n:hjb', 'hjb\n:hjb', 'hj', '', 'DFT:2018-12\n\n', 'DM\n\n'),
(77, 'authorized civilian', 'queuqeuuequeuqeuqqe', 0, '', 'M', 'Single', '2018-01-01', 'ghbjnm', 'njkdsv', 'B', 'bhj', 'bhj\n:bhj', 'bhjb\n:hj', 'bhj', '', 'Measles:2018-12\n\n', 'CVD\n\n'),
(78, 'authorized civilian', 'tope', 0, '', 'M', 'Single', '2018-02-01', 'jhbn ', 'bsdjkv', 'A', 'hjb', 'vhj\n:vbhj', 'gj\n:ghj', 'b', '', 'Polio:2018-12\n\n', 'CA\n\n'),
(79, 'authorized civilian', 'nyets', 1111111113, '', 'M', 'Single', '2018-03-01', 'vhjbjh', 'nhfdjkbg', 'B', 'vbhj', 'bhjb\n:hj', 'bhjb\n:h', 'bhj', '', 'Measles:2018-12\n\n', 'CVD\n\n'),
(80, 'authorized civilian', 'wewewewewe', 0, '', 'M', 'Single', '2018-02-01', 'bhjbjk', 'vghj', 'B', 'bhj', 'bhj\n:bhj', 'bhj\n:bhj', 'bhj', '', 'DFT:2018-12\n\n', 'DM\n\n'),
(81, 'authorized civilian', 'kope', 0, '', 'M', 'Single', '2018-01-01', 'bhjnbhj', 'djkvb', 'B', 'bhj', 'bhj\n:bhj', 'bhj\n:bhj', 'bhj', '', 'DFT:2018-12\n\n', 'DM\n\n'),
(82, 'military dependent', 'Jenmar R. Pogi', 20113, '', 'M', 'Single', '2018-03-01', 'bghbghv', 'ghvbhjgvyt', 'A', 'bvghj', 'ghv\n:ghvgh', 'vgh\n:vgh', 'ghvghv', '', 'DFT:2018-12\n\n', 'DM\n\n');

-- --------------------------------------------------------

--
-- Table structure for table `patient_history`
--

DROP TABLE IF EXISTS `patient_history`;
CREATE TABLE IF NOT EXISTS `patient_history` (
  `histo_id` int(11) NOT NULL AUTO_INCREMENT,
  `date_stamp` timestamp NOT NULL,
  `initial_assessment` text,
  `lab` text,
  `medicine` text,
  `diagnosis` text,
  `bed` text,
  `patient_id` int(11) NOT NULL,
  `doctor_id` int(11) NOT NULL,
  `vitals` text,
  `status` text NOT NULL,
  PRIMARY KEY (`histo_id`)
) ENGINE=InnoDB AUTO_INCREMENT=56 DEFAULT CHARSET=latin1;

--
-- Dumping data for table `patient_history`
--

INSERT INTO `patient_history` (`histo_id`, `date_stamp`, `initial_assessment`, `lab`, `medicine`, `diagnosis`, `bed`, `patient_id`, `doctor_id`, `vitals`, `status`) VALUES
(34, '2018-03-23 16:00:18', 'e', NULL, 'Medicine:test, Quantity:3, Dosage:qwe, TimeFrame:qwe\n Medicine:test2, Quantity:4, Dosage:qwe, TimeFrame:qwe\n ', NULL, '2, 1, 6, 4+5', 42, 26, 'BP: ee\nCR: e\nPR: e\nRR: e\n TEMP: e\nWT: e', ''),
(35, '2018-03-23 16:49:06', 'e', NULL, NULL, NULL, '1, ', 43, 26, 'BP: e\nCR: e\nPR: e\nRR: e\n TEMP: e\nWT: e', ''),
(36, '2018-03-26 13:13:58', 'r', NULL, NULL, NULL, NULL, 42, 26, 'BP: r\nCR: r\nPR: r\nRR: r\n TEMP: r\nWT: r', 'confirmed'),
(37, '2018-03-26 13:38:24', 'e', NULL, NULL, 'qwe\nasd\n', NULL, 42, 26, 'BP: e\nCR: e\nPR: ee\nRR: ee\n TEMP: e\nWT: e', 'confirmed'),
(38, '2018-03-26 13:38:30', 'r', NULL, NULL, NULL, NULL, 43, 26, 'BP: r\nCR: r\nPR: r\nRR: r\n TEMP: r\nWT: r', 'confirmed'),
(39, '2018-03-26 16:00:02', 'e', NULL, NULL, NULL, '1, 2, ', 42, 26, 'BP: e\nCR: e\nPR: e\nRR: e\n TEMP: e\nWT: e', 'confirmed'),
(40, '2018-03-26 17:04:59', 'e', NULL, NULL, NULL, NULL, 43, 26, 'BP: e\nCR: e\nPR: e\nRR: e\n TEMP: e\nWT: e', 'confirmed'),
(41, '2018-03-26 17:10:55', 'e', NULL, 'Medicine:lkajsd, Quantity:4, Dosage:as;ldk, TimeFrame:asdl;k\nMedicine:po, Quantity:3, Dosage:poi, TimeFrame:iop\n', NULL, NULL, 42, 26, 'BP: e\nCR: e\nPR: e\nRR: e\n TEMP: e\nWT: e', 'confirmed'),
(42, '2018-03-27 15:16:39', 'e', 'Type:bloodChemistry Remarks:qwe\nType:bloodChemistry Remarks:asd\n', 'Medicine:solmux, Quantity:4, Dosage:qwe, TimeFrame:qwe\nMedicine:qwe, Quantity:3, Dosage:qwe, TimeFrame:qwe\nMedicine:asd, Quantity:3, Dosage:qwe, TimeFrame:qwe\n', NULL, '1, 1, 1, 1, 2, 20, 1, ', 42, 26, 'BP: e\nCR: e\nPR: e\nRR: e\n TEMP: e\nWT: e', 'confirmed'),
(43, '2018-03-28 14:20:38', NULL, NULL, NULL, 'ewerwerwer\n', '1, ', 42, 26, NULL, 'confirmed'),
(44, '2018-03-28 14:23:16', NULL, NULL, NULL, NULL, '2, ', 43, 26, NULL, 'confirmed'),
(45, '2018-03-28 14:32:24', 'e', NULL, NULL, NULL, '5, 2, ', 44, 26, 'BP: e\nCR: e\nPR: e\nRR: e\n TEMP: e\nWT: e', 'confirmed'),
(46, '2018-03-28 14:33:45', 'e', NULL, NULL, NULL, '1, ', 45, 26, 'BP: e\nCR: e\nPR: e\nRR: e\n TEMP: e\nWT: e', 'confirmed'),
(47, '2018-03-28 14:38:10', NULL, NULL, NULL, 'weqweqwe\nqeqeqeee\nqweqeqweqwe\n', '3, ', 46, 26, NULL, 'confirmed'),
(48, '2018-03-28 14:39:06', NULL, NULL, NULL, NULL, '4, 6, 2, ', 47, 26, NULL, 'confirmed'),
(49, '2018-03-29 03:52:08', 'naspak ang buto niya', 'Type:Blood Chemistry Remarks:dsasddsds\nType:Blood Chemistry Remarks:dssdadsas\nType:Blood Chemistry Remarks:dsdsdsds AIDS TEST\nType:Blood Chemistry Remarks:blood test\nType:Blood Chemistry Remarks:assaas\nType:Blood Chemistry Remarks:ssss\nType:Blood Chemistry Remarks:cc\nType:Blood Chemistry Remarks:cczzz\nType:Blood Chemistry Remarks:sasassa\nType:Blood Chemistry Remarks:x\n', 'Medicine:adsasadsad, Quantity:3, Dosage:dsaddd, TimeFrame:asdasd\n', 'asdsaddsds\n2nd diagnoses\n', '2, 2, 4, 1, 18, ', 82, 26, 'BP: 12/1\nCR: 123\nPR: 123\nRR: 125\n TEMP: 45\nWT: 124', 'confirmed'),
(50, '2018-03-29 12:57:05', 'naspak ang buto niya hahaha', NULL, NULL, NULL, NULL, 82, 26, 'BP: 121/23\nCR: 12\nPR: 321\nRR: 12\n TEMP: 42\nWT: 123', 'confirmed'),
(51, '2018-03-29 13:07:38', 'naspak ang buto niya nanaman', 'Type:Blood Chemistry Remarks:asdasdasd\n', 'Medicine:Ibuprofen, Quantity:11, Dosage:110mg, TimeFrame:3x a day\n', 'Diagnosis No. 1\r\nDiagnosis No. 2\r\nDiagnosis No. 3\r\n\n', NULL, 45, 26, 'BP: 12/12\nCR: 123\nPR: 534\nRR: 34\n TEMP: 23\nWT: 431', 'confirmed'),
(52, '2018-03-29 13:16:17', 'naspak met buto na ayapow', 'Type:Blood Chemistry Remarks:asdasdasd\n', 'Medicine:Paracetamycin, Quantity:8, Dosage:90mg, TimeFrame:10x a day hahah\n', 'aigoo naspak nga talagan buto na\ninayadem agsalsal\nnu agfinger ka gamin han nga minamuscle\n', '1, ', 81, 26, 'BP: 12/23\nCR: 234\nPR: 434\nRR: 54\n TEMP: 64\nWT: 63', 'confirmed'),
(53, '2018-03-29 13:19:43', 'dsfsdfjkh23', 'Type:Blood Chemistry Remarks:ssss\n', 'Ibuprofen Paracetamolycin,12ER,100MG,3x a day\nM. Acid,4ER,500mg cap,3x a day\nzxc,zxc,zxc,zxc\n', NULL, NULL, 42, 26, 'BP: 12/23\nCR: 234\nPR: 423\nRR: 23\n TEMP: 523\nWT: 234', 'pending'),
(54, '2018-03-29 15:57:35', NULL, 'Type:Blood Chemistry Remarks:s\n', NULL, NULL, '1, 3, 2, ', 48, 26, NULL, 'pending'),
(55, '2018-03-30 02:45:47', NULL, NULL, 'Solmux,10Mercury,100mg,3x a day\n', NULL, '1, ', 43, 26, NULL, 'pending');

-- --------------------------------------------------------

--
-- Table structure for table `prescription`
--

DROP TABLE IF EXISTS `prescription`;
CREATE TABLE IF NOT EXISTS `prescription` (
  `prescription_id` int(11) NOT NULL AUTO_INCREMENT,
  `creation_stamp` timestamp NOT NULL,
  `medicine` text NOT NULL,
  `quantity` text NOT NULL,
  `dosage` text NOT NULL,
  `timeframe` text NOT NULL,
  `doctor_id` int(11) NOT NULL,
  `patient_id` int(11) NOT NULL,
  `status` varchar(12) NOT NULL,
  PRIMARY KEY (`prescription_id`),
  KEY `patient_id` (`patient_id`),
  KEY `doctor_id` (`doctor_id`) USING BTREE
) ENGINE=InnoDB AUTO_INCREMENT=27 DEFAULT CHARSET=latin1;

--
-- Dumping data for table `prescription`
--

INSERT INTO `prescription` (`prescription_id`, `creation_stamp`, `medicine`, `quantity`, `dosage`, `timeframe`, `doctor_id`, `patient_id`, `status`) VALUES
(1, '2018-03-19 06:10:15', 'kjhasd', '2', 'jkashd', 'askjdh', 26, 42, 'confirmed'),
(5, '2018-03-19 09:33:54', 'qeqweq', '5', 'asd', 'asd', 26, 43, 'confirmed'),
(8, '2018-03-19 12:06:09', 'qwe', '3', 'qwe', 'zxc', 26, 71, 'confirmed'),
(9, '2018-03-30 22:17:18', 'alaxan', '4', 'asd', 'qwe', 26, 42, 'confirmed'),
(10, '2018-03-30 22:20:19', 'solmux', '2', 'asd', 'qwe', 26, 42, 'confirmed'),
(11, '2018-03-23 16:26:23', 'alaxan', '4', '3 times ', '4 times', 26, 42, 'confirmed'),
(12, '2018-03-23 16:31:21', 'solmux', '5', 'twice a day', '3 times a week', 26, 42, 'confirmed'),
(13, '2018-03-23 16:33:24', 'alaxan', '4', '3 times ', '4 weeks', 26, 42, 'confirmed'),
(14, '2018-03-23 16:34:14', 'paracetamol', '3', '3 times ', '4 weeks', 26, 42, 'confirmed'),
(15, '2018-03-23 16:35:32', 'e', '2', '3 we', '4 weeks', 26, 42, 'confirmed'),
(16, '2018-03-23 16:39:53', 'test', '3', 'qwe', 'qwe', 26, 42, 'confirmed'),
(17, '2018-03-23 16:40:20', 'test2', '4', 'qwe', 'qwe', 26, 42, 'confirmed'),
(18, '2018-03-26 17:11:17', 'lkajsd', '4', 'as;ldk', 'asdl;k', 26, 42, 'confirmed'),
(19, '2018-03-26 17:12:11', 'po', '3', 'poi', 'iop', 26, 42, 'confirmed'),
(20, '2018-03-29 03:55:37', 'adsasadsad', '3', 'dsaddd', 'asdasd', 26, 82, 'confirmed'),
(21, '2018-03-29 13:08:49', 'Ibuprofen', '11', '110mg', '3x a day', 26, 45, 'confirmed'),
(22, '2018-03-29 13:18:04', 'Paracetamycin', '8', '90mg', '10x a day hahah', 26, 81, 'confirmed'),
(23, '2018-03-30 05:40:44', 'Ibuprofen Paracetamolycin', '12ER', '100MG', '3x a day', 26, 42, 'confirmed'),
(24, '2018-03-30 09:29:27', 'Solmux', '10Mercury', '100mg', '3x a day', 26, 43, 'confirmed'),
(25, '2018-03-30 09:30:40', 'M. Acid', '4ER', '500mg cap', '3x a day', 26, 42, 'confirmed'),
(26, '2018-03-30 14:36:00', 'zxc', 'zxc', 'zxc', 'zxc', 26, 42, 'confirmed');

-- --------------------------------------------------------

--
-- Table structure for table `report`
--

DROP TABLE IF EXISTS `report`;
CREATE TABLE IF NOT EXISTS `report` (
  `report_id` int(11) NOT NULL AUTO_INCREMENT,
  `report_type` text NOT NULL COMMENT 'operation,birth,death',
  `description` text NOT NULL,
  `timestamp` timestamp NOT NULL,
  `doctor_id` int(11) NOT NULL,
  `patient_id` int(11) NOT NULL,
  PRIMARY KEY (`report_id`)
) ENGINE=InnoDB AUTO_INCREMENT=2 DEFAULT CHARSET=latin1;

--
-- Dumping data for table `report`
--

INSERT INTO `report` (`report_id`, `report_type`, `description`, `timestamp`, `doctor_id`, `patient_id`) VALUES
(1, 'birth', 'Normal blah blah Birth', '2017-11-21 16:00:00', 1, 1);

-- --------------------------------------------------------

--
-- Table structure for table `supply_sergeant`
--

DROP TABLE IF EXISTS `supply_sergeant`;
CREATE TABLE IF NOT EXISTS `supply_sergeant` (
  `ss_id` int(11) NOT NULL AUTO_INCREMENT,
  `name` varchar(50) NOT NULL,
  `username` varchar(30) NOT NULL,
  `password` varchar(30) NOT NULL,
  `address` text NOT NULL,
  `phone` varchar(10) NOT NULL,
  PRIMARY KEY (`ss_id`)
) ENGINE=InnoDB AUTO_INCREMENT=2 DEFAULT CHARSET=latin1;

--
-- Dumping data for table `supply_sergeant`
--

INSERT INTO `supply_sergeant` (`ss_id`, `name`, `username`, `password`, `address`, `phone`) VALUES
(1, 'Supply Sergeant', 'supplysergeant123', 'supplysergeant', '#456 upper baguio city', '9178623872');

-- --------------------------------------------------------

--
-- Table structure for table `todo_list`
--

DROP TABLE IF EXISTS `todo_list`;
CREATE TABLE IF NOT EXISTS `todo_list` (
  `todo_id` int(11) NOT NULL AUTO_INCREMENT,
  `status` varchar(10) NOT NULL,
  `description` text NOT NULL,
  `date` datetime NOT NULL,
  `account_id` int(11) NOT NULL,
  PRIMARY KEY (`todo_id`),
  KEY `account_id` (`account_id`)
) ENGINE=InnoDB AUTO_INCREMENT=30 DEFAULT CHARSET=latin1;

--
-- Dumping data for table `todo_list`
--

INSERT INTO `todo_list` (`todo_id`, `status`, `description`, `date`, `account_id`) VALUES
(16, 'general', 'asdxzc', '2018-03-01 01:02:00', 27),
(17, 'general', 'xczxase', '2007-01-02 15:02:00', 27),
(18, 'general', 'asdxzc', '2018-03-17 14:01:00', 27),
(19, 'general', 'zxcasd', '2018-03-09 03:02:00', 27),
(20, 'urgent', 'qweqwewq', '2018-03-16 15:02:00', 27),
(21, 'urgent', 'zxcasd', '2018-03-14 03:02:00', 27),
(23, 'general', 'qwe', '2018-03-01 02:01:00', 27),
(24, 'urgent', 'qweasdz', '2018-03-01 16:02:00', 27),
(25, 'general', 'qwe', '2018-03-22 02:01:00', 27),
(26, 'undefined', 'asd', '2018-03-25 14:00:00', 37),
(27, 'undefined', 'wq', '2018-03-25 02:01:00', 27),
(28, 'undefined', 'MONJOEL', '2018-03-25 03:01:00', 27),
(29, 'general', 'aas', '2018-03-31 00:02:00', 26);

-- --------------------------------------------------------

--
-- Table structure for table `treatment`
--

DROP TABLE IF EXISTS `treatment`;
CREATE TABLE IF NOT EXISTS `treatment` (
  `treatment_id` int(11) NOT NULL AUTO_INCREMENT,
  `treatment_name` varchar(30) NOT NULL,
  `description` text NOT NULL,
  PRIMARY KEY (`treatment_id`)
) ENGINE=InnoDB AUTO_INCREMENT=2 DEFAULT CHARSET=latin1;

--
-- Dumping data for table `treatment`
--

INSERT INTO `treatment` (`treatment_id`, `treatment_name`, `description`) VALUES
(1, 'Treatment #1 (IDK)', 'This treatment is a treatment !!');

-- --------------------------------------------------------

--
-- Table structure for table `user_accounts`
--

DROP TABLE IF EXISTS `user_accounts`;
CREATE TABLE IF NOT EXISTS `user_accounts` (
  `account_id` int(11) NOT NULL AUTO_INCREMENT,
  `username` varchar(30) NOT NULL,
  `password` varchar(255) NOT NULL,
  `account_type` varchar(12) NOT NULL,
  `name` varchar(50) NOT NULL,
  `age` int(11) NOT NULL,
  `sex` varchar(1) NOT NULL,
  `address` text NOT NULL,
  `phone` varchar(11) NOT NULL,
  PRIMARY KEY (`account_id`)
) ENGINE=InnoDB AUTO_INCREMENT=42 DEFAULT CHARSET=latin1;

--
-- Dumping data for table `user_accounts`
--

INSERT INTO `user_accounts` (`account_id`, `username`, `password`, `account_type`, `name`, `age`, `sex`, `address`, `phone`) VALUES
(25, 'admin', '$2a$10$0dfj2ecTqv12hAruqj/pE.wlY/eyeIRszgub3r0K3GVjlrfEZdbAS', 'admin', 'Grubat', 28, 'M', 'PMA baguio', '9718236712'),
(26, 'doctor', '$2a$10$7O13KcKd3Fb.5aedfQh.4elyhgrMLTn/O4QcjH6zD1/iGteXTdBXa', 'doctor', 'Markis Wooden', 20, 'M', 'lower liwanag loakan.', '9182763517'),
(27, 'nurse', '$2a$10$lz1mxLO4SAp8zei.I5OZieyooGGOYnJTfTZL.Rv9l1lerOjxhVVB.', 'nurse', 'narshieeeee', 20, 'F', 'camp 7, Bakakeng Global City', '917825314'),
(37, 'doctor1', '$2a$10$MbefBkKZA9PnwviJXUV89.ksESnsUHjMQoGhHi.sFDnKQMilC9m2C', 'doctor', 'doctor1', 0, 'M', 'kjasd', '9812786312'),
(40, 'phar', '$2a$10$On2vDyM6KkN/BvU82KeewesCWpS58u5/mOGlSzcczR2Ry8eCz7rhu', 'pharmacist', 'Jenny Boy Mar Roxas', 19, 'M', 'sadnasd23asd', '12313122'),
(41, 'lab', '$2a$10$7zHQ6mDL4/nOy/GN87ttJups5bycSdiL81kspJzHZbRybCTjtOS6i', 'laboratorist', 'Jenny Marie Girl Roa', 19, 'F', 'asd123asd123asd', '123213');

-- --------------------------------------------------------

--
-- Table structure for table `ward_count`
--

DROP TABLE IF EXISTS `ward_count`;
CREATE TABLE IF NOT EXISTS `ward_count` (
  `ward_count_id` int(11) NOT NULL AUTO_INCREMENT,
  `date_stamp` timestamp NOT NULL,
  `patient_id` int(11) NOT NULL,
  PRIMARY KEY (`ward_count_id`)
) ENGINE=MyISAM AUTO_INCREMENT=9 DEFAULT CHARSET=latin1;

--
-- Dumping data for table `ward_count`
--

INSERT INTO `ward_count` (`ward_count_id`, `date_stamp`, `patient_id`) VALUES
(4, '2018-03-29 03:25:51', 44),
(5, '2018-03-29 03:25:58', 47),
(6, '2018-03-29 03:45:32', 45),
(7, '2018-03-29 15:57:35', 48),
(8, '2018-03-30 02:45:47', 43);

--
-- Constraints for dumped tables
--

--
-- Constraints for table `prescription`
--
ALTER TABLE `prescription`
  ADD CONSTRAINT `prescription_ibfk_1` FOREIGN KEY (`patient_id`) REFERENCES `patient` (`patient_id`),
  ADD CONSTRAINT `prescription_ibfk_2` FOREIGN KEY (`doctor_id`) REFERENCES `user_accounts` (`account_id`);

--
-- Constraints for table `todo_list`
--
ALTER TABLE `todo_list`
  ADD CONSTRAINT `todo_list_ibfk_1` FOREIGN KEY (`account_id`) REFERENCES `user_accounts` (`account_id`);
COMMIT;

/*!40101 SET CHARACTER_SET_CLIENT=@OLD_CHARACTER_SET_CLIENT */;
/*!40101 SET CHARACTER_SET_RESULTS=@OLD_CHARACTER_SET_RESULTS */;
/*!40101 SET COLLATION_CONNECTION=@OLD_COLLATION_CONNECTION */;
